problem,n,changed_choices,real_top1,shuffled_top1,real_minus_shuffled_top1_pp,real_mean_cost,shuffled_mean_cost,real_actual_regret_pct,shuffled_actual_regret_pct
TSP,1000,164,0.371,0.363,0.8000000000000007,7.915231469400532,7.920889939845077,0.5768286167622312,0.6557724463726194
CVRP,1000,597,0.489,0.314,17.5,18.20207240152298,18.304150071620857,0.6788433312567516,1.129921629342851
ATSP,1000,29,0.789,0.779,1.0000000000000009,1.6347932121753692,1.6351422271728515,0.31526025931896123,0.33640026037272336
OVRP,1000,347,0.37,0.35,2.0000000000000018,7.455778021335466,7.456551962852517,0.71944548521514,0.7285918446842229
VRPB,1000,134,0.56,0.533,2.7000000000000024,9.328448537350901,9.3404687638292,0.6510878086159327,0.7799242431821299
VRPL,1000,276,0.325,0.306,1.9000000000000017,12.402760104656242,12.405417715549548,0.4773031727326563,0.4998049035166864
VRPTW,1000,363,0.468,0.388,8.000000000000002,17.89737587690365,18.13891900110274,1.4396262913485096,2.5531279378802836
OVRPTW,1000,81,0.506,0.5,0.6000000000000005,10.0404040412908,10.0426867995267,0.8372812455698774,0.8612523378663087
OVRPB,1000,166,0.586,0.581,0.5000000000000004,6.315450056313,6.3161419804079,0.8855737571798198,0.9114713913152892
OVRPL,1000,327,0.404,0.356,4.800000000000004,7.4293161401748025,7.435615827560403,0.6807952672301385,0.7778780435020274
VRPBL,1000,152,0.533,0.529,0.40000000000000036,9.356699499128899,9.3608848881698,0.7952019780070101,0.8440466051134402
VRPBTW,1000,431,0.428,0.377,5.099999999999999,19.070745542526844,19.48202632999425,1.8112474694667233,3.6700813994309387
VRPLTW,1000,371,0.447,0.406,4.099999999999998,17.63691456604055,17.897262467384614,1.3309569586761576,2.467154016697087
OVRPBL,1000,126,0.58,0.572,0.8000000000000007,6.3045678603643,6.306784606933099,0.9569916412702991,1.004985967940992
OVRPBTW,1000,93,0.515,0.517,-0.20000000000000018,10.4956459541328,10.4970040726664,1.1401693424299475,1.1644805636670958
OVRPLTW,1000,63,0.484,0.488,-0.40000000000000036,10.1303551478398,10.1311818251621,0.9107659553302981,0.9330244524345767
VRPBLTW,1000,356,0.424,0.376,4.799999999999999,18.966362608910348,19.257724653721606,1.777306899025176,3.0775662318482584
OVRPBLTW,1000,85,0.492,0.492,0.0,10.533794349671,10.5405530209545,1.173270198048454,1.2450785468688337
