problem,selector_top1,selector_top2,selector_top3,selector_mean_cost,sbs,sbs_top1,sbs_mean_cost,best_top1,best_top2,best_top3,beat_top1,not_beat_top1,beat_cost,not_beat_cost
TSP,0.375,0.609,0.747,8.044306194036572,DIFUSCO500,0.132,8.082871796559921,0.132,0.288,0.402,BQ;DIFUSCO;DIFUSCO500;ELG;LEHD;OMNI;T2T;T2T500,,BQ;DIFUSCO;DIFUSCO500;ELG;LEHD;OMNI;T2T;T2T500,
CVRP,0.477,0.699,0.829,18.24744285154259,RELD_CVRP,0.254,18.3323321843146,0.254,0.498,0.611,BQ;ELG;ICAM;LEHD;MVMOE;MoSES_CaDA;MoSES_RF;OMNI;RELD_CVRP;RouteFinder,,BQ;ELG;ICAM;LEHD;MVMOE;MoSES_CaDA;MoSES_RF;OMNI;RELD_CVRP;RouteFinder,
ATSP,0.78,0.963,0.996,1.6301814805269241,UNICO_MatPOENet,0.458,1.669679780125618,0.458,0.759,0.847,GLOP;ICAM_ATSP;MATNET;MATPOENET;UNICO_MatPOENet,,GLOP;ICAM_ATSP;MATNET;MATPOENET;UNICO_MatPOENet,
OVRP,0.356,0.646,0.831,7.464273888588022,MoSES_RF,0.317,7.469509294033051,0.317,0.636,0.83,MTPOMO;MVMOE;MoSES_CaDA;MoSES_RF;RELD_MOEL;RELD_MTL;RouteFinder,,MTPOMO;MVMOE;MoSES_CaDA;MoSES_RF;RELD_MOEL;RELD_MTL;RouteFinder,
VRPB,0.522,0.918,0.988,9.2868576164242,RELD_MTL,0.483,9.295063437939502,0.483,0.918,0.94,MTPOMO;MVMOE;MoSES_CaDA;MoSES_RF;RELD_MOEL;RELD_MTL;RouteFinder,,MTPOMO;MVMOE;MoSES_CaDA;MoSES_RF;RELD_MOEL;RELD_MTL;RouteFinder,
VRPL,0.309,0.532,0.704,12.355485897064407,MoSES_CaDA,0.252,12.360694007396699,0.252,0.508,0.667,MTPOMO;MVMOE;MoSES_CaDA;MoSES_RF;RELD_MOEL;RELD_MTL;RouteFinder,,MTPOMO;MVMOE;MoSES_CaDA;MoSES_RF;RELD_MOEL;RELD_MTL;RouteFinder,
VRPTW,0.432,0.755,0.917,17.654884865283677,MoSES_RF,0.188,18.43567556333542,0.188,0.426,0.667,MTPOMO;MVMOE;MoSES_CaDA;MoSES_RF;RELD_MOEL;RELD_MTL;RouteFinder,,MTPOMO;MVMOE;MoSES_CaDA;MoSES_RF;RELD_MOEL;RELD_MTL;RouteFinder,
OVRPTW,0.458,0.908,0.998,10.124810072898502,RELD_MTL,0.479,10.1232993459694,0.479,0.908,0.999,MTPOMO;MVMOE;MoSES_CaDA;MoSES_RF;RELD_MOEL;RouteFinder,RELD_MTL,MTPOMO;MVMOE;MoSES_CaDA;MoSES_RF;RELD_MOEL;RouteFinder,RELD_MTL
OVRPB,0.563,0.964,0.99,6.2941501364722,RELD_MTL,0.56,6.2963116486082,0.56,0.964,0.984,MTPOMO;MVMOE;MoSES_CaDA;MoSES_RF;RELD_MOEL;RELD_MTL;RouteFinder,,MTPOMO;MVMOE;MoSES_CaDA;MoSES_RF;RELD_MOEL;RELD_MTL;RouteFinder,
OVRPL,0.373,0.667,0.862,7.445821680784215,MoSES_RF,0.307,7.45365038561821,0.307,0.638,0.858,MTPOMO;MVMOE;MoSES_CaDA;MoSES_RF;RELD_MOEL;RELD_MTL;RouteFinder,,MTPOMO;MVMOE;MoSES_CaDA;MoSES_RF;RELD_MOEL;RELD_MTL;RouteFinder,
VRPBL,0.55,0.938,0.989,9.24667317199716,RELD_MTL,0.537,9.249179500104201,0.537,0.939,0.952,MTPOMO;MVMOE;MoSES_CaDA;MoSES_RF;RELD_MOEL;RELD_MTL;RouteFinder,,MTPOMO;MVMOE;MoSES_CaDA;MoSES_RF;RELD_MOEL;RELD_MTL;RouteFinder,
VRPBTW,0.408,0.777,0.926,19.015482546806087,RELD_MTL,0.357,19.526309038163,0.357,0.654,0.751,MTPOMO;MVMOE;MoSES_CaDA;MoSES_RF;RELD_MOEL;RELD_MTL;RouteFinder,,MTPOMO;MVMOE;MoSES_CaDA;MoSES_RF;RELD_MOEL;RELD_MTL;RouteFinder,
VRPLTW,0.43,0.767,0.919,17.61635664558323,RELD_MTL,0.271,18.426861703871,0.271,0.49,0.645,MTPOMO;MVMOE;MoSES_CaDA;MoSES_RF;RELD_MOEL;RELD_MTL;RouteFinder,,MTPOMO;MVMOE;MoSES_CaDA;MoSES_RF;RELD_MOEL;RELD_MTL;RouteFinder,
OVRPBL,0.568,0.971,0.993,6.3025769581781,RELD_MTL,0.544,6.306824829100299,0.544,0.971,0.98,MTPOMO;MVMOE;MoSES_CaDA;MoSES_RF;RELD_MOEL;RELD_MTL;RouteFinder,,MTPOMO;MVMOE;MoSES_CaDA;MoSES_RF;RELD_MOEL;RELD_MTL;RouteFinder,
OVRPBTW,0.518,0.903,0.999,10.605439033984,RELD_MTL,0.46,10.6089857211126,0.46,0.904,0.999,MTPOMO;MVMOE;MoSES_CaDA;MoSES_RF;RELD_MOEL;RELD_MTL;RouteFinder,,MTPOMO;MVMOE;MoSES_CaDA;MoSES_RF;RELD_MOEL;RELD_MTL;RouteFinder,
OVRPLTW,0.481,0.921,0.999,10.105197722436,RELD_MTL,0.492,10.1036022171989,0.492,0.921,0.999,MTPOMO;MVMOE;MoSES_CaDA;MoSES_RF;RELD_MOEL;RouteFinder,RELD_MTL,MTPOMO;MVMOE;MoSES_CaDA;MoSES_RF;RELD_MOEL;RouteFinder,RELD_MTL
VRPBLTW,0.438,0.79,0.924,19.095135654925077,RELD_MTL,0.352,19.676956634044704,0.352,0.647,0.78,MTPOMO;MVMOE;MoSES_CaDA;MoSES_RF;RELD_MOEL;RELD_MTL;RouteFinder,,MTPOMO;MVMOE;MoSES_CaDA;MoSES_RF;RELD_MOEL;RELD_MTL;RouteFinder,
OVRPBLTW,0.487,0.925,0.999,10.5930278587339,RELD_MTL,0.478,10.5927730689038,0.478,0.925,1.0,MTPOMO;MVMOE;MoSES_CaDA;MoSES_RF;RELD_MOEL;RELD_MTL;RouteFinder,,MTPOMO;MVMOE;MoSES_CaDA;MoSES_RF;RELD_MOEL;RouteFinder,RELD_MTL
