model,split,best_updates,n_total,n,n_ties,class0,class1,accuracy,ce,mean_cost,pair_oracle_cost,pair_regret_pct,vs_pair_oracle_pct
R49B_8000,train,1800,8000,8000,0,3972,4028,0.59125,0.6639842302538649,10.087699053824487,10.019948261082074,0.6910588677281707,0.6761591075830076
R49B_8000,development,1800,1000,999,1,482,517,0.5345345345345346,0.6797747420724092,10.077072054775375,9.996676843088188,0.8201587125803957,0.8042193715881885
R49B_8000,internal,1800,1000,1000,0,465,535,0.51,0.6852925495437601,10.1477532362945,10.0654055438039,0.8633334051728805,0.8181259277853181
R49B_8000,original_val,1800,1000,1000,0,491,509,0.519,0.6885591287105652,10.045954296589901,9.9672413625717,0.7958064515136299,0.7897163433182142
A_random_seed2,train,1200,8000,8000,0,3972,4028,0.528625,0.6867902223876827,10.102412943601786,10.019948261082074,0.8488064170817882,0.8230050731899308
A_random_seed2,development,1200,1000,999,1,482,517,0.5405405405405406,0.686882837478645,10.071124410963664,9.996676843088188,0.7765267882344632,0.7447231619470474
A_random_seed2,internal,1200,1000,1000,0,465,535,0.518,0.686156381226985,10.1491531248102,10.0654055438039,0.885482768452146,0.8320338474375077
A_random_seed2,original_val,1200,1000,1000,0,491,509,0.524,0.6884500050913641,10.045254814625201,9.9672413625717,0.8253897218621368,0.7826985342850312
B_pretrained_seed2,train,200,8000,8000,0,3972,4028,0.584125,0.6603279033120963,10.085122380554662,10.019948261082074,0.6639815475367465,0.6504436727056362
B_pretrained_seed2,development,200,1000,999,1,482,517,0.5635635635635635,0.6658952234458465,10.065800072552753,9.996676843088188,0.7009936019092778,0.6914620783441405
B_pretrained_seed2,internal,200,1000,1000,0,465,535,0.514,0.6724792482339547,10.145456629754099,10.0654055438039,0.8314221108247069,0.7953090971031695
B_pretrained_seed2,original_val,200,1000,1000,0,491,509,0.569,0.6684295864579315,10.0379146504406,9.9672413625717,0.7093146366282027,0.7090556483791755
