problem,top1,mean_cost,vs_sbs_pct,mse
TSP,0.116,7.958013837771628,0.002651525267927113,0.765355110636181
CVRP,0.219,18.2943333024977,-2.220446049250313e-14,0.6459175044993938
ATSP,0.48,1.6735241072177887,0.0,0.542709089192853
OVRP,0.302,7.461659968614578,0.0,0.6660297549670048
VRPB,0.504,9.340268511773099,-7.771561172376096e-14,0.9087968973248722
VRPL,0.276,12.408450639724732,0.009978162494150844,0.9105692866846997
VRPTW,0.169,18.65708061981201,0.0,0.6060340336923747
OVRPTW,0.476,10.0484350333218,-6.661338147750939e-14,0.4340849242136401
OVRPB,0.545,6.3219805679320995,-3.3306690738754696e-14,0.7882018136284243
OVRPL,0.334,7.437561680555343,0.0,0.7832886189158837
VRPBL,0.528,9.3592684750534,2.220446049250313e-14,0.7894194854132298
VRPBTW,0.372,19.669740455628002,4.440892098500626e-14,0.6350687105258315
VRPLTW,0.149,18.509148851394652,0.0,0.6246940624291741
OVRPBL,0.555,6.310259730338401,6.661338147750939e-14,0.7156660155004676
OVRPBTW,0.461,10.5067767958638,4.440892098500626e-14,0.35807859925972935
OVRPLTW,0.494,10.1272053890245,0.0,0.40008021008171546
VRPBLTW,0.347,19.5197782111173,-3.3306690738754696e-14,0.6432473454708244
OVRPBLTW,0.471,10.541174040316701,-2.220446049250313e-14,0.3654711789812551
