group,instances,instance_share_pct,pool_errors,target_pair_errors,mean_pair_gap_pct,median_pair_gap_pct,target_pair_error_mean_regret_pct,selector_mean_actual_regret_pct,selected_problem_regret_share_pct,target_pair_regret_share_pct,macro_regret_contribution_pp,all18_regret_share_pct,mean_strict_subset_flip_pct
all,1000,100.0,499,419,2.6546666115924564,1.8447316491046732,2.347943210677978,1.1594005595068615,100.0,100.0,0.06441114219482563,6.95548365433897,4.279999999999999
strict_pair_winner,1000,100.0,499,419,2.6546666115924564,1.8447316491046732,2.347943210677978,1.1594005595068615,100.0,100.0,0.06441114219482563,6.95548365433897,4.279999999999999
exactly_one_supporting_start,231,23.1,125,102,0.9516235808963265,0.5646711492328231,0.9461087351888352,0.5691226337617887,11.3392500392523,9.809336041224084,0.007303740466609621,0.788699683004819,16.774891774891778
at_most_two_supporting_starts,375,37.5,201,164,1.1561076258913598,0.7184425180397185,1.1334556472153363,0.6620821804038662,21.41458494353784,18.894994384642892,0.013793378758413879,1.4894879553923086,11.346666666666668
more_than_two_supporting_starts,625,62.5,298,255,3.5538020030131143,2.6671027958934097,3.1290254083559157,1.4577915869686608,78.58541505646227,81.10500561535719,0.05061776343641183,5.465995698946669,0.04
subset_sensitive,272,27.2,149,123,1.0625065978580688,0.6243484934470913,1.047317842261408,0.6278399729334082,14.729376421081188,13.094291424470299,0.009487359590993723,1.0244993693543605,15.735294117647062
sparse_or_sensitive,380,38.0,201,164,1.166356702124891,0.7221561562697811,1.1334556472153363,0.6533705727669733,21.41458494353784,18.894994384642892,0.013793378758413879,1.4894879553923086,11.263157894736842
stable_more_than_two,620,62.0,298,255,3.5668565561048347,2.671057097499455,3.1290254083559157,1.4695479707345371,78.58541505646227,81.10500561535719,0.05061776343641183,5.465995698946669,0.0
median_opposes_min,272,27.2,154,125,1.5882231678224907,1.0269589293836088,1.6279431616658906,0.9600518209724042,22.523199006869937,20.68462440567128,0.014507449739138553,1.566597425357076,8.658088235294118
q10_opposes_min,222,22.2,137,113,1.316413595816406,0.8691273228199792,1.33099109762022,0.8862673312860108,16.97009251308111,15.288046067718861,0.010930630419194133,1.1803520108735577,10.833333333333334
q25_opposes_min,251,25.1,141,111,1.521953646383234,0.9617440808376234,1.49043277826211,0.9006298057441421,19.497841310162123,16.816428322700308,0.012558782291209982,1.356169165277278,8.784860557768924
support_fraction_le5pct,416,41.6,225,180,1.240886024355474,0.7760922412950684,1.2575514140518878,0.7269775287887446,26.084397622229016,23.008941692513837,0.016801258443117653,1.8142960129469226,10.252403846153847
support_fraction_5to10pct,168,16.8,89,74,2.1263212984834063,1.7581082341457073,1.9052147686107663,1.1161046780507793,16.172632001513296,14.330919208156145,0.010416976995140607,1.124884775341651,0.08928571428571429
support_fraction_10to25pct,209,20.9,99,84,2.9748154077853313,2.3793445764633634,3.0281450952111775,1.396976382358948,25.182674056773408,25.855584223727888,0.016220447995167787,1.7515767777443352,0.0
support_fraction_gt25pct,207,20.7,86,81,5.601447473856195,4.523991210133689,4.470109504565408,1.8236920662086689,32.56029631948442,36.80455487560219,0.020972458761399693,2.2647260883060727,0.0
