timestamp, utilization.gpu [%], memory.used [MiB], power.draw [W]
2026/09/30 11:52:44.940, 0 %, 2 MiB, 14.61 W
2026/09/30 11:52:54.941, 0 %, 920 MiB, 55.91 W
2026/09/30 11:53:04.943, 0 %, 1052 MiB, 56.43 W
2026/09/30 11:53:14.944, 0 %, 1186 MiB, 56.04 W
2026/09/30 11:53:24.945, 0 %, 1318 MiB, 57.25 W
2026/09/30 11:53:34.946, 0 %, 1448 MiB, 57.18 W
2026/09/30 11:53:44.948, 98 %, 18732 MiB, 286.68 W
2026/09/30 11:53:54.949, 99 %, 18732 MiB, 295.45 W
2026/09/30 11:54:04.951, 97 %, 18732 MiB, 290.59 W
2026/09/30 11:54:14.952, 97 %, 18732 MiB, 293.08 W
2026/09/30 11:54:24.953, 99 %, 18732 MiB, 269.27 W
2026/09/30 11:54:34.955, 96 %, 18732 MiB, 293.36 W
2026/09/30 11:54:44.956, 97 %, 18732 MiB, 293.38 W
2026/09/30 11:54:54.958, 100 %, 18732 MiB, 292.30 W
2026/09/30 11:55:04.959, 96 %, 18732 MiB, 292.71 W
2026/09/30 11:55:14.960, 97 %, 18732 MiB, 292.85 W
2026/09/30 11:55:24.962, 97 %, 18732 MiB, 292.45 W
2026/09/30 11:55:34.963, 99 %, 18732 MiB, 301.94 W
2026/09/30 11:55:44.964, 97 %, 18732 MiB, 294.88 W
2026/09/30 11:55:54.966, 99 %, 18732 MiB, 293.19 W
2026/09/30 11:56:04.971, 99 %, 18732 MiB, 314.24 W
2026/09/30 11:56:14.972, 80 %, 18774 MiB, 285.94 W
2026/09/30 11:56:24.974, 80 %, 18774 MiB, 284.48 W
2026/09/30 11:56:34.975, 81 %, 18774 MiB, 279.07 W
2026/09/30 11:56:44.977, 97 %, 18774 MiB, 279.97 W
2026/09/30 11:56:54.978, 99 %, 18774 MiB, 314.10 W
2026/09/30 11:57:04.979, 89 %, 18774 MiB, 282.41 W
2026/09/30 11:57:14.980, 99 %, 18774 MiB, 279.42 W
2026/09/30 11:57:24.982, 97 %, 18774 MiB, 284.36 W
2026/09/30 11:57:34.983, 100 %, 18774 MiB, 286.91 W
2026/09/30 11:57:44.985, 97 %, 18774 MiB, 278.40 W
2026/09/30 11:57:54.986, 99 %, 18774 MiB, 284.95 W
2026/09/30 11:58:04.988, 88 %, 18774 MiB, 285.76 W
2026/09/30 11:58:14.989, 81 %, 18774 MiB, 286.80 W
2026/09/30 11:58:25.085, 99 %, 18774 MiB, 312.83 W
2026/09/30 11:58:35.087, 86 %, 18774 MiB, 285.48 W
2026/09/30 11:58:45.088, 80 %, 18774 MiB, 286.52 W
2026/09/30 11:58:55.090, 80 %, 18774 MiB, 279.50 W
2026/09/30 11:59:05.091, 79 %, 18774 MiB, 275.16 W
2026/09/30 11:59:15.092, 99 %, 18774 MiB, 286.17 W
2026/09/30 11:59:25.094, 97 %, 18774 MiB, 285.13 W
2026/09/30 11:59:35.095, 96 %, 18774 MiB, 287.11 W
2026/09/30 11:59:45.097, 81 %, 18774 MiB, 288.42 W
2026/09/30 11:59:55.098, 81 %, 18774 MiB, 282.08 W
2026/09/30 12:00:05.100, 81 %, 18774 MiB, 287.29 W
2026/09/30 12:00:15.101, 81 %, 18774 MiB, 283.91 W
2026/09/30 12:00:25.102, 84 %, 18774 MiB, 278.42 W
2026/09/30 12:00:35.104, 99 %, 18774 MiB, 280.68 W
2026/09/30 12:00:45.105, 81 %, 18774 MiB, 279.16 W
2026/09/30 12:00:55.106, 99 %, 18774 MiB, 281.27 W
2026/09/30 12:01:05.108, 97 %, 18774 MiB, 281.68 W
2026/09/30 12:01:15.109, 99 %, 18774 MiB, 286.81 W
2026/09/30 12:01:25.111, 82 %, 18774 MiB, 287.28 W
2026/09/30 12:01:35.112, 99 %, 18774 MiB, 286.96 W
2026/09/30 12:01:45.189, 86 %, 18774 MiB, 286.41 W
2026/09/30 12:01:55.190, 80 %, 18774 MiB, 283.91 W
2026/09/30 12:02:05.191, 81 %, 18774 MiB, 278.15 W
2026/09/30 12:02:15.193, 81 %, 18774 MiB, 287.35 W
2026/09/30 12:02:25.194, 81 %, 18774 MiB, 280.93 W
2026/09/30 12:02:35.196, 88 %, 18774 MiB, 281.58 W
2026/09/30 12:02:45.197, 99 %, 18774 MiB, 277.97 W
2026/09/30 12:02:55.198, 96 %, 18774 MiB, 285.97 W
2026/09/30 12:03:05.200, 98 %, 18774 MiB, 280.33 W
2026/09/30 12:03:15.201, 97 %, 18774 MiB, 284.86 W
2026/09/30 12:03:25.254, 94 %, 18774 MiB, 287.51 W
2026/09/30 12:03:35.255, 81 %, 18774 MiB, 287.92 W
2026/09/30 12:03:45.257, 1 %, 1596 MiB, 133.12 W
2026/09/30 12:03:55.258, 95 %, 18732 MiB, 292.25 W
2026/09/30 12:04:05.259, 97 %, 18732 MiB, 292.98 W
2026/09/30 12:04:15.261, 99 %, 18732 MiB, 293.76 W
2026/09/30 12:04:25.262, 95 %, 18732 MiB, 292.64 W
2026/09/30 12:04:35.263, 97 %, 18732 MiB, 293.21 W
2026/09/30 12:04:45.265, 99 %, 18732 MiB, 302.59 W
2026/09/30 12:04:55.267, 96 %, 18732 MiB, 293.52 W
2026/09/30 12:05:05.358, 97 %, 18732 MiB, 294.07 W
2026/09/30 12:05:15.360, 99 %, 18732 MiB, 313.56 W
2026/09/30 12:05:25.361, 96 %, 18732 MiB, 295.33 W
2026/09/30 12:05:35.362, 97 %, 18732 MiB, 293.50 W
2026/09/30 12:05:45.364, 99 %, 18732 MiB, 313.72 W
2026/09/30 12:05:55.365, 97 %, 18732 MiB, 294.67 W
2026/09/30 12:06:05.367, 99 %, 18732 MiB, 294.56 W
2026/09/30 12:06:15.368, 99 %, 18732 MiB, 300.96 W
2026/09/30 12:06:25.370, 81 %, 18774 MiB, 270.59 W
2026/09/30 12:06:35.371, 81 %, 18774 MiB, 287.99 W
2026/09/30 12:06:45.372, 81 %, 18774 MiB, 280.52 W
2026/09/30 12:06:55.374, 96 %, 18774 MiB, 281.80 W
2026/09/30 12:07:05.375, 92 %, 18774 MiB, 299.11 W
2026/09/30 12:07:15.376, 92 %, 18774 MiB, 284.13 W
2026/09/30 12:07:25.378, 100 %, 18774 MiB, 282.17 W
2026/09/30 12:07:35.379, 96 %, 18774 MiB, 284.71 W
2026/09/30 12:07:45.380, 98 %, 18774 MiB, 287.80 W
2026/09/30 12:07:55.382, 97 %, 18774 MiB, 281.71 W
2026/09/30 12:08:05.384, 99 %, 18774 MiB, 288.96 W
2026/09/30 12:08:15.385, 82 %, 18774 MiB, 286.95 W
2026/09/30 12:08:25.386, 81 %, 18774 MiB, 287.62 W
2026/09/30 12:08:35.388, 99 %, 18774 MiB, 312.57 W
2026/09/30 12:08:45.389, 81 %, 18774 MiB, 286.79 W
2026/09/30 12:08:55.390, 81 %, 18774 MiB, 282.05 W
2026/09/30 12:09:05.392, 92 %, 18774 MiB, 284.01 W
2026/09/30 12:09:15.393, 99 %, 18774 MiB, 278.20 W
2026/09/30 12:09:25.395, 83 %, 18774 MiB, 283.61 W
2026/09/30 12:09:35.396, 99 %, 18774 MiB, 280.45 W
2026/09/30 12:09:45.397, 97 %, 18774 MiB, 284.86 W
2026/09/30 12:09:55.399, 99 %, 18774 MiB, 287.28 W
2026/09/30 12:10:05.400, 99 %, 18774 MiB, 313.84 W
2026/09/30 12:10:15.402, 99 %, 18774 MiB, 288.39 W
2026/09/30 12:10:25.403, 93 %, 18774 MiB, 287.20 W
2026/09/30 12:10:35.404, 81 %, 18774 MiB, 286.86 W
2026/09/30 12:10:45.406, 81 %, 18774 MiB, 280.49 W
2026/09/30 12:10:55.407, 81 %, 18774 MiB, 288.33 W
2026/09/30 12:11:05.408, 81 %, 18774 MiB, 281.15 W
2026/09/30 12:11:15.410, 82 %, 18774 MiB, 284.68 W
2026/09/30 12:11:25.411, 99 %, 18774 MiB, 281.21 W
2026/09/30 12:11:35.413, 99 %, 18774 MiB, 314.09 W
2026/09/30 12:11:45.414, 96 %, 18774 MiB, 281.89 W
2026/09/30 12:11:55.415, 97 %, 18774 MiB, 284.61 W
2026/09/30 12:12:05.417, 99 %, 18774 MiB, 288.28 W
2026/09/30 12:12:15.418, 94 %, 18774 MiB, 287.20 W
2026/09/30 12:12:25.419, 96 %, 18774 MiB, 286.98 W
2026/09/30 12:12:35.421, 98 %, 18774 MiB, 287.11 W
2026/09/30 12:12:45.422, 81 %, 18774 MiB, 285.54 W
2026/09/30 12:12:55.426, 81 %, 18774 MiB, 280.33 W
2026/09/30 12:13:05.427, 99 %, 18774 MiB, 314.86 W
2026/09/30 12:13:15.429, 81 %, 18774 MiB, 280.44 W
2026/09/30 12:13:25.430, 92 %, 18774 MiB, 282.68 W
2026/09/30 12:13:35.431, 99 %, 18774 MiB, 280.69 W
2026/09/30 12:13:45.433, 98 %, 18774 MiB, 285.58 W
2026/09/30 12:13:55.434, 99 %, 11740 MiB, 314.05 W
2026/09/30 12:14:05.435, 97 %, 18732 MiB, 295.10 W
2026/09/30 12:14:15.437, 97 %, 18732 MiB, 292.77 W
2026/09/30 12:14:25.438, 70 %, 18732 MiB, 302.15 W
2026/09/30 12:14:35.439, 96 %, 18732 MiB, 294.65 W
2026/09/30 12:14:45.441, 97 %, 18732 MiB, 295.46 W
2026/09/30 12:14:55.442, 97 %, 18732 MiB, 274.28 W
2026/09/30 12:15:05.444, 99 %, 18732 MiB, 294.27 W
2026/09/30 12:15:15.445, 96 %, 18732 MiB, 294.29 W
2026/09/30 12:15:25.446, 96 %, 18732 MiB, 294.89 W
2026/09/30 12:15:35.448, 99 %, 18732 MiB, 294.32 W
2026/09/30 12:15:45.449, 99 %, 18732 MiB, 295.95 W
2026/09/30 12:15:55.451, 96 %, 18732 MiB, 294.32 W
2026/09/30 12:16:05.452, 99 %, 18732 MiB, 306.85 W
2026/09/30 12:16:15.454, 99 %, 18732 MiB, 294.33 W
2026/09/30 12:16:25.455, 0 %, 1586 MiB, 63.22 W
