model,problem,solver,pick_rate,winner_rate,mean_cost
R45A,TSP,BQ,0.589,0.28,8.115787327528
R45A,TSP,DIFUSCO,0.0,0.052,8.126897395632698
R45A,TSP,DIFUSCO500,0.059,0.132,8.082871796559921
R45A,TSP,ELG,0.141,0.078,8.215439888715744
R45A,TSP,LEHD,0.001,0.185,8.157512518405914
R45A,TSP,OMNI,0.0,0.003,8.318756133317947
R45A,TSP,T2T,0.006,0.114,8.094400178448755
R45A,TSP,T2T500,0.204,0.156,8.086042164296089
R45A,CVRP,BQ,0.069,0.122,18.687271876335146
R45A,CVRP,ELG,0.0,0.015,18.72915636253357
R45A,CVRP,ICAM,0.098,0.113,18.547142908096312
R45A,CVRP,LEHD,0.053,0.147,18.72396982240677
R45A,CVRP,MVMOE,0.0,0.026,19.726056930065155
R45A,CVRP,MoSES_CaDA,0.005,0.026,19.372128197193145
R45A,CVRP,MoSES_RF,0.099,0.039,20.844263714313506
R45A,CVRP,OMNI,0.393,0.244,18.502841059207917
R45A,CVRP,RELD_CVRP,0.283,0.254,18.3323321843146
R45A,CVRP,RouteFinder,0.0,0.014,18.971997121334077
R45A,ATSP,GLOP,0.0,0.005,1.9202942436933517
R45A,ATSP,ICAM_ATSP,0.293,0.301,1.7056845908164977
R45A,ATSP,MATNET,0.154,0.148,2.313879436016083
R45A,ATSP,MATPOENET,0.0,0.088,1.715922304391861
R45A,ATSP,UNICO_MatPOENet,0.553,0.458,1.669679780125618
R45A,OVRP,MTPOMO,0.0,0.014,8.430148455619811
R45A,OVRP,MVMOE,0.0,0.004,9.148323815584183
R45A,OVRP,MoSES_CaDA,0.457,0.319,7.478137170553207
R45A,OVRP,MoSES_RF,0.412,0.317,7.469509294033051
R45A,OVRP,RELD_MOEL,0.002,0.069,7.6450922596451
R45A,OVRP,RELD_MTL,0.001,0.083,7.609439066410601
R45A,OVRP,RouteFinder,0.128,0.194,7.491797417640686
R45A,VRPB,MTPOMO,0.0,0.022,10.701427945613862
R45A,VRPB,MVMOE,0.0,0.059,11.584618470191955
R45A,VRPB,MoSES_CaDA,0.0,0.0,11.295189458847046
R45A,VRPB,MoSES_RF,0.0,0.001,11.289215272903443
R45A,VRPB,RELD_MOEL,0.583,0.435,9.3302745308885
R45A,VRPB,RELD_MTL,0.417,0.483,9.295063437939502
R45A,VRPB,RouteFinder,0.0,0.0,11.314893043994903
R45A,VRPL,MTPOMO,0.0,0.033,13.343417511463166
R45A,VRPL,MVMOE,0.0,0.026,14.163920980930328
R45A,VRPL,MoSES_CaDA,0.461,0.252,12.360694007396699
R45A,VRPL,MoSES_RF,0.401,0.256,12.361744019031525
R45A,VRPL,RELD_MOEL,0.02,0.136,12.489745937826
R45A,VRPL,RELD_MTL,0.086,0.138,12.456806153297201
R45A,VRPL,RouteFinder,0.032,0.159,12.38446439743042
R45A,VRPTW,MTPOMO,0.0,0.0,23.24019243335724
R45A,VRPTW,MVMOE,0.0,0.066,20.243225341796876
R45A,VRPTW,MoSES_CaDA,0.235,0.154,19.920974767684935
R45A,VRPTW,MoSES_RF,0.145,0.188,18.43567556333542
R45A,VRPTW,RELD_MOEL,0.171,0.241,18.6272829108237
R45A,VRPTW,RELD_MTL,0.38,0.238,18.5741204347614
R45A,VRPTW,RouteFinder,0.069,0.113,18.63217913675308
R45A,OVRPTW,MTPOMO,0.0,0.0,14.507176115989685
R45A,OVRPTW,MVMOE,0.0,0.091,11.40393493413925
R45A,OVRPTW,MoSES_CaDA,0.0,0.0,13.235797617912292
R45A,OVRPTW,MoSES_RF,0.0,0.0,12.126629611968994
R45A,OVRPTW,RELD_MOEL,0.585,0.429,10.143173476695399
R45A,OVRPTW,RELD_MTL,0.415,0.479,10.1232993459694
R45A,OVRPTW,RouteFinder,0.0,0.001,11.925308557033539
R45A,OVRPB,MTPOMO,0.0,0.02,7.3061411561965945
R45A,OVRPB,MVMOE,0.0,0.014,8.141363511800765
R45A,OVRPB,MoSES_CaDA,0.0,0.0,7.438149435043335
R45A,OVRPB,MoSES_RF,0.0,0.001,7.442369646787643
R45A,OVRPB,RELD_MOEL,0.392,0.404,6.3387764194006
R45A,OVRPB,RELD_MTL,0.608,0.56,6.2963116486082
R45A,OVRPB,RouteFinder,0.0,0.001,7.455197268486023
R45A,OVRPL,MTPOMO,0.0,0.004,8.299554208993912
R45A,OVRPL,MVMOE,0.0,0.006,8.902559645175934
R45A,OVRPL,MoSES_CaDA,0.545,0.331,7.460694483995438
R45A,OVRPL,MoSES_RF,0.329,0.307,7.45365038561821
R45A,OVRPL,RELD_MOEL,0.0,0.051,7.634091713191199
R45A,OVRPL,RELD_MTL,0.003,0.081,7.5928607301710995
R45A,OVRPL,RouteFinder,0.123,0.22,7.472738029479981
R45A,VRPBL,MTPOMO,0.0,0.013,10.599956233501434
R45A,VRPBL,MVMOE,0.0,0.048,11.21274640083313
R45A,VRPBL,MoSES_CaDA,0.0,0.0,11.212074837207794
R45A,VRPBL,MoSES_RF,0.0,0.0,11.212034766197204
R45A,VRPBL,RELD_MOEL,0.569,0.402,9.3094996213907
R45A,VRPBL,RELD_MTL,0.431,0.537,9.249179500104201
R45A,VRPBL,RouteFinder,0.0,0.0,11.230750265598298
R45A,VRPBTW,MTPOMO,0.0,0.0,24.68568640422821
R45A,VRPBTW,MVMOE,0.0,0.099,21.310201186180116
R45A,VRPBTW,MoSES_CaDA,0.029,0.044,22.58961263847351
R45A,VRPBTW,MoSES_RF,0.064,0.097,20.557189425468444
R45A,VRPBTW,RELD_MOEL,0.206,0.297,19.6308825974464
R45A,VRPBTW,RELD_MTL,0.568,0.357,19.526309038163
R45A,VRPBTW,RouteFinder,0.133,0.106,20.59584120130539
R45A,VRPLTW,MTPOMO,0.0,0.0,23.16357088851929
R45A,VRPLTW,MVMOE,0.0,0.074,20.012325197219848
R45A,VRPLTW,MoSES_CaDA,0.234,0.158,19.857556606292725
R45A,VRPLTW,MoSES_RF,0.098,0.123,18.56598180961609
R45A,VRPLTW,RELD_MOEL,0.206,0.219,18.4950568513878
R45A,VRPLTW,RELD_MTL,0.353,0.271,18.426861703871
R45A,VRPLTW,RouteFinder,0.109,0.155,18.518155880928038
R45A,OVRPBL,MTPOMO,0.0,0.009,7.218438376903534
R45A,OVRPBL,MVMOE,0.0,0.016,7.867766500473023
R45A,OVRPBL,MoSES_CaDA,0.0,0.0,7.445963557720185
R45A,OVRPBL,MoSES_RF,0.0,0.002,7.446541984081268
R45A,OVRPBL,RELD_MOEL,0.342,0.427,6.3443415842055
R45A,OVRPBL,RELD_MTL,0.658,0.544,6.306824829100299
R45A,OVRPBL,RouteFinder,0.0,0.002,7.463310028791428
R45A,OVRPBTW,MTPOMO,0.0,0.0,15.253699022293091
R45A,OVRPBTW,MVMOE,0.0,0.095,11.858678456783295
R45A,OVRPBTW,MoSES_CaDA,0.0,0.0,14.581800680160523
R45A,OVRPBTW,MoSES_RF,0.0,0.0,13.316464283943176
R45A,OVRPBTW,RELD_MOEL,0.502,0.444,10.644272426603699
R45A,OVRPBTW,RELD_MTL,0.498,0.46,10.6089857211126
R45A,OVRPBTW,RouteFinder,0.0,0.001,12.74077264547348
R45A,OVRPLTW,MTPOMO,0.0,0.0,14.455833324432373
R45A,OVRPLTW,MVMOE,0.0,0.078,11.31222514629364
R45A,OVRPLTW,MoSES_CaDA,0.0,0.001,13.011645991802215
R45A,OVRPLTW,MoSES_RF,0.0,0.0,12.051634513378144
R45A,OVRPLTW,RELD_MOEL,0.529,0.429,10.1272947509287
R45A,OVRPLTW,RELD_MTL,0.471,0.492,10.1036022171989
R45A,OVRPLTW,RouteFinder,0.0,0.0,11.85197732257843
R45A,VRPBLTW,MTPOMO,0.0,0.001,24.79358337879181
R45A,VRPBLTW,MVMOE,0.0,0.092,21.506060430526734
R45A,VRPBLTW,MoSES_CaDA,0.037,0.047,22.476456687927246
R45A,VRPBLTW,MoSES_RF,0.018,0.08,20.814424947738647
R45A,VRPBLTW,RELD_MOEL,0.206,0.295,19.7997541594495
R45A,VRPBLTW,RELD_MTL,0.549,0.352,19.676956634044704
R45A,VRPBLTW,RouteFinder,0.19,0.133,20.62283718776703
R45A,OVRPBLTW,MTPOMO,0.0,0.0,15.283535895347596
R45A,OVRPBLTW,MVMOE,0.0,0.075,12.04048284626007
R45A,OVRPBLTW,MoSES_CaDA,0.0,0.0,14.423973743915559
R45A,OVRPBLTW,MoSES_RF,0.0,0.0,13.219413340091705
R45A,OVRPBLTW,RELD_MOEL,0.451,0.447,10.6279766216274
R45A,OVRPBLTW,RELD_MTL,0.549,0.478,10.5927730689038
R45A,OVRPBLTW,RouteFinder,0.0,0.0,12.676969738483429
R45B,TSP,BQ,0.604,0.28,8.115787327528
R45B,TSP,DIFUSCO,0.0,0.052,8.126897395632698
R45B,TSP,DIFUSCO500,0.034,0.132,8.082871796559921
R45B,TSP,ELG,0.127,0.078,8.215439888715744
R45B,TSP,LEHD,0.0,0.185,8.157512518405914
R45B,TSP,OMNI,0.0,0.003,8.318756133317947
R45B,TSP,T2T,0.011,0.114,8.094400178448755
R45B,TSP,T2T500,0.224,0.156,8.086042164296089
R45B,CVRP,BQ,0.054,0.122,18.687271876335146
R45B,CVRP,ELG,0.0,0.015,18.72915636253357
R45B,CVRP,ICAM,0.099,0.113,18.547142908096312
R45B,CVRP,LEHD,0.079,0.147,18.72396982240677
R45B,CVRP,MVMOE,0.0,0.026,19.726056930065155
R45B,CVRP,MoSES_CaDA,0.011,0.026,19.372128197193145
R45B,CVRP,MoSES_RF,0.103,0.039,20.844263714313506
R45B,CVRP,OMNI,0.396,0.244,18.502841059207917
R45B,CVRP,RELD_CVRP,0.258,0.254,18.3323321843146
R45B,CVRP,RouteFinder,0.0,0.014,18.971997121334077
R45B,ATSP,GLOP,0.0,0.005,1.9202942436933517
R45B,ATSP,ICAM_ATSP,0.279,0.301,1.7056845908164977
R45B,ATSP,MATNET,0.168,0.148,2.313879436016083
R45B,ATSP,MATPOENET,0.0,0.088,1.715922304391861
R45B,ATSP,UNICO_MatPOENet,0.553,0.458,1.669679780125618
R45B,OVRP,MTPOMO,0.0,0.014,8.430148455619811
R45B,OVRP,MVMOE,0.0,0.004,9.148323815584183
R45B,OVRP,MoSES_CaDA,0.381,0.319,7.478137170553207
R45B,OVRP,MoSES_RF,0.456,0.317,7.469509294033051
R45B,OVRP,RELD_MOEL,0.001,0.069,7.6450922596451
R45B,OVRP,RELD_MTL,0.0,0.083,7.609439066410601
R45B,OVRP,RouteFinder,0.162,0.194,7.491797417640686
R45B,VRPB,MTPOMO,0.0,0.022,10.701427945613862
R45B,VRPB,MVMOE,0.0,0.059,11.584618470191955
R45B,VRPB,MoSES_CaDA,0.0,0.0,11.295189458847046
R45B,VRPB,MoSES_RF,0.0,0.001,11.289215272903443
R45B,VRPB,RELD_MOEL,0.557,0.435,9.3302745308885
R45B,VRPB,RELD_MTL,0.443,0.483,9.295063437939502
R45B,VRPB,RouteFinder,0.0,0.0,11.314893043994903
R45B,VRPL,MTPOMO,0.0,0.033,13.343417511463166
R45B,VRPL,MVMOE,0.0,0.026,14.163920980930328
R45B,VRPL,MoSES_CaDA,0.414,0.252,12.360694007396699
R45B,VRPL,MoSES_RF,0.431,0.256,12.361744019031525
R45B,VRPL,RELD_MOEL,0.094,0.136,12.489745937826
R45B,VRPL,RELD_MTL,0.049,0.138,12.456806153297201
R45B,VRPL,RouteFinder,0.012,0.159,12.38446439743042
R45B,VRPTW,MTPOMO,0.0,0.0,23.24019243335724
R45B,VRPTW,MVMOE,0.0,0.066,20.243225341796876
R45B,VRPTW,MoSES_CaDA,0.208,0.154,19.920974767684935
R45B,VRPTW,MoSES_RF,0.145,0.188,18.43567556333542
R45B,VRPTW,RELD_MOEL,0.134,0.241,18.6272829108237
R45B,VRPTW,RELD_MTL,0.459,0.238,18.5741204347614
R45B,VRPTW,RouteFinder,0.054,0.113,18.63217913675308
R45B,OVRPTW,MTPOMO,0.0,0.0,14.507176115989685
R45B,OVRPTW,MVMOE,0.0,0.091,11.40393493413925
R45B,OVRPTW,MoSES_CaDA,0.0,0.0,13.235797617912292
R45B,OVRPTW,MoSES_RF,0.0,0.0,12.126629611968994
R45B,OVRPTW,RELD_MOEL,0.69,0.429,10.143173476695399
R45B,OVRPTW,RELD_MTL,0.31,0.479,10.1232993459694
R45B,OVRPTW,RouteFinder,0.0,0.001,11.925308557033539
R45B,OVRPB,MTPOMO,0.0,0.02,7.3061411561965945
R45B,OVRPB,MVMOE,0.0,0.014,8.141363511800765
R45B,OVRPB,MoSES_CaDA,0.0,0.0,7.438149435043335
R45B,OVRPB,MoSES_RF,0.0,0.001,7.442369646787643
R45B,OVRPB,RELD_MOEL,0.386,0.404,6.3387764194006
R45B,OVRPB,RELD_MTL,0.614,0.56,6.2963116486082
R45B,OVRPB,RouteFinder,0.0,0.001,7.455197268486023
R45B,OVRPL,MTPOMO,0.0,0.004,8.299554208993912
R45B,OVRPL,MVMOE,0.0,0.006,8.902559645175934
R45B,OVRPL,MoSES_CaDA,0.478,0.331,7.460694483995438
R45B,OVRPL,MoSES_RF,0.37,0.307,7.45365038561821
R45B,OVRPL,RELD_MOEL,0.0,0.051,7.634091713191199
R45B,OVRPL,RELD_MTL,0.002,0.081,7.5928607301710995
R45B,OVRPL,RouteFinder,0.15,0.22,7.472738029479981
R45B,VRPBL,MTPOMO,0.0,0.013,10.599956233501434
R45B,VRPBL,MVMOE,0.0,0.048,11.21274640083313
R45B,VRPBL,MoSES_CaDA,0.0,0.0,11.212074837207794
R45B,VRPBL,MoSES_RF,0.0,0.0,11.212034766197204
R45B,VRPBL,RELD_MOEL,0.577,0.402,9.3094996213907
R45B,VRPBL,RELD_MTL,0.423,0.537,9.249179500104201
R45B,VRPBL,RouteFinder,0.0,0.0,11.230750265598298
R45B,VRPBTW,MTPOMO,0.0,0.0,24.68568640422821
R45B,VRPBTW,MVMOE,0.0,0.099,21.310201186180116
R45B,VRPBTW,MoSES_CaDA,0.024,0.044,22.58961263847351
R45B,VRPBTW,MoSES_RF,0.05,0.097,20.557189425468444
R45B,VRPBTW,RELD_MOEL,0.166,0.297,19.6308825974464
R45B,VRPBTW,RELD_MTL,0.645,0.357,19.526309038163
R45B,VRPBTW,RouteFinder,0.115,0.106,20.59584120130539
R45B,VRPLTW,MTPOMO,0.0,0.0,23.16357088851929
R45B,VRPLTW,MVMOE,0.0,0.074,20.012325197219848
R45B,VRPLTW,MoSES_CaDA,0.213,0.158,19.857556606292725
R45B,VRPLTW,MoSES_RF,0.097,0.123,18.56598180961609
R45B,VRPLTW,RELD_MOEL,0.186,0.219,18.4950568513878
R45B,VRPLTW,RELD_MTL,0.408,0.271,18.426861703871
R45B,VRPLTW,RouteFinder,0.096,0.155,18.518155880928038
R45B,OVRPBL,MTPOMO,0.0,0.009,7.218438376903534
R45B,OVRPBL,MVMOE,0.0,0.016,7.867766500473023
R45B,OVRPBL,MoSES_CaDA,0.0,0.0,7.445963557720185
R45B,OVRPBL,MoSES_RF,0.0,0.002,7.446541984081268
R45B,OVRPBL,RELD_MOEL,0.357,0.427,6.3443415842055
R45B,OVRPBL,RELD_MTL,0.643,0.544,6.306824829100299
R45B,OVRPBL,RouteFinder,0.0,0.002,7.463310028791428
R45B,OVRPBTW,MTPOMO,0.0,0.0,15.253699022293091
R45B,OVRPBTW,MVMOE,0.0,0.095,11.858678456783295
R45B,OVRPBTW,MoSES_CaDA,0.0,0.0,14.581800680160523
R45B,OVRPBTW,MoSES_RF,0.0,0.0,13.316464283943176
R45B,OVRPBTW,RELD_MOEL,0.596,0.444,10.644272426603699
R45B,OVRPBTW,RELD_MTL,0.404,0.46,10.6089857211126
R45B,OVRPBTW,RouteFinder,0.0,0.001,12.74077264547348
R45B,OVRPLTW,MTPOMO,0.0,0.0,14.455833324432373
R45B,OVRPLTW,MVMOE,0.0,0.078,11.31222514629364
R45B,OVRPLTW,MoSES_CaDA,0.0,0.001,13.011645991802215
R45B,OVRPLTW,MoSES_RF,0.0,0.0,12.051634513378144
R45B,OVRPLTW,RELD_MOEL,0.632,0.429,10.1272947509287
R45B,OVRPLTW,RELD_MTL,0.368,0.492,10.1036022171989
R45B,OVRPLTW,RouteFinder,0.0,0.0,11.85197732257843
R45B,VRPBLTW,MTPOMO,0.0,0.001,24.79358337879181
R45B,VRPBLTW,MVMOE,0.0,0.092,21.506060430526734
R45B,VRPBLTW,MoSES_CaDA,0.036,0.047,22.476456687927246
R45B,VRPBLTW,MoSES_RF,0.011,0.08,20.814424947738647
R45B,VRPBLTW,RELD_MOEL,0.161,0.295,19.7997541594495
R45B,VRPBLTW,RELD_MTL,0.62,0.352,19.676956634044704
R45B,VRPBLTW,RouteFinder,0.172,0.133,20.62283718776703
R45B,OVRPBLTW,MTPOMO,0.0,0.0,15.283535895347596
R45B,OVRPBLTW,MVMOE,0.0,0.075,12.04048284626007
R45B,OVRPBLTW,MoSES_CaDA,0.0,0.0,14.423973743915559
R45B,OVRPBLTW,MoSES_RF,0.0,0.0,13.219413340091705
R45B,OVRPBLTW,RELD_MOEL,0.549,0.447,10.6279766216274
R45B,OVRPBLTW,RELD_MTL,0.451,0.478,10.5927730689038
R45B,OVRPBLTW,RouteFinder,0.0,0.0,12.676969738483429
R45C,TSP,BQ,0.583,0.28,8.115787327528
R45C,TSP,DIFUSCO,0.0,0.052,8.126897395632698
R45C,TSP,DIFUSCO500,0.068,0.132,8.082871796559921
R45C,TSP,ELG,0.123,0.078,8.215439888715744
R45C,TSP,LEHD,0.007,0.185,8.157512518405914
R45C,TSP,OMNI,0.0,0.003,8.318756133317947
R45C,TSP,T2T,0.01,0.114,8.094400178448755
R45C,TSP,T2T500,0.209,0.156,8.086042164296089
R45C,CVRP,BQ,0.044,0.122,18.687271876335146
R45C,CVRP,ELG,0.0,0.015,18.72915636253357
R45C,CVRP,ICAM,0.088,0.113,18.547142908096312
R45C,CVRP,LEHD,0.078,0.147,18.72396982240677
R45C,CVRP,MVMOE,0.0,0.026,19.726056930065155
R45C,CVRP,MoSES_CaDA,0.018,0.026,19.372128197193145
R45C,CVRP,MoSES_RF,0.088,0.039,20.844263714313506
R45C,CVRP,OMNI,0.407,0.244,18.502841059207917
R45C,CVRP,RELD_CVRP,0.277,0.254,18.3323321843146
R45C,CVRP,RouteFinder,0.0,0.014,18.971997121334077
R45C,ATSP,GLOP,0.0,0.005,1.9202942436933517
R45C,ATSP,ICAM_ATSP,0.235,0.301,1.7056845908164977
R45C,ATSP,MATNET,0.199,0.148,2.313879436016083
R45C,ATSP,MATPOENET,0.0,0.088,1.715922304391861
R45C,ATSP,UNICO_MatPOENet,0.566,0.458,1.669679780125618
R45C,OVRP,MTPOMO,0.0,0.014,8.430148455619811
R45C,OVRP,MVMOE,0.0,0.004,9.148323815584183
R45C,OVRP,MoSES_CaDA,0.503,0.319,7.478137170553207
R45C,OVRP,MoSES_RF,0.374,0.317,7.469509294033051
R45C,OVRP,RELD_MOEL,0.004,0.069,7.6450922596451
R45C,OVRP,RELD_MTL,0.003,0.083,7.609439066410601
R45C,OVRP,RouteFinder,0.116,0.194,7.491797417640686
R45C,VRPB,MTPOMO,0.0,0.022,10.701427945613862
R45C,VRPB,MVMOE,0.0,0.059,11.584618470191955
R45C,VRPB,MoSES_CaDA,0.0,0.0,11.295189458847046
R45C,VRPB,MoSES_RF,0.0,0.001,11.289215272903443
R45C,VRPB,RELD_MOEL,0.55,0.435,9.3302745308885
R45C,VRPB,RELD_MTL,0.45,0.483,9.295063437939502
R45C,VRPB,RouteFinder,0.0,0.0,11.314893043994903
R45C,VRPL,MTPOMO,0.0,0.033,13.343417511463166
R45C,VRPL,MVMOE,0.0,0.026,14.163920980930328
R45C,VRPL,MoSES_CaDA,0.478,0.252,12.360694007396699
R45C,VRPL,MoSES_RF,0.388,0.256,12.361744019031525
R45C,VRPL,RELD_MOEL,0.008,0.136,12.489745937826
R45C,VRPL,RELD_MTL,0.121,0.138,12.456806153297201
R45C,VRPL,RouteFinder,0.005,0.159,12.38446439743042
R45C,VRPTW,MTPOMO,0.0,0.0,23.24019243335724
R45C,VRPTW,MVMOE,0.0,0.066,20.243225341796876
R45C,VRPTW,MoSES_CaDA,0.23,0.154,19.920974767684935
R45C,VRPTW,MoSES_RF,0.132,0.188,18.43567556333542
R45C,VRPTW,RELD_MOEL,0.086,0.241,18.6272829108237
R45C,VRPTW,RELD_MTL,0.487,0.238,18.5741204347614
R45C,VRPTW,RouteFinder,0.065,0.113,18.63217913675308
R45C,OVRPTW,MTPOMO,0.0,0.0,14.507176115989685
R45C,OVRPTW,MVMOE,0.0,0.091,11.40393493413925
R45C,OVRPTW,MoSES_CaDA,0.0,0.0,13.235797617912292
R45C,OVRPTW,MoSES_RF,0.0,0.0,12.126629611968994
R45C,OVRPTW,RELD_MOEL,0.588,0.429,10.143173476695399
R45C,OVRPTW,RELD_MTL,0.412,0.479,10.1232993459694
R45C,OVRPTW,RouteFinder,0.0,0.001,11.925308557033539
R45C,OVRPB,MTPOMO,0.0,0.02,7.3061411561965945
R45C,OVRPB,MVMOE,0.0,0.014,8.141363511800765
R45C,OVRPB,MoSES_CaDA,0.0,0.0,7.438149435043335
R45C,OVRPB,MoSES_RF,0.0,0.001,7.442369646787643
R45C,OVRPB,RELD_MOEL,0.435,0.404,6.3387764194006
R45C,OVRPB,RELD_MTL,0.565,0.56,6.2963116486082
R45C,OVRPB,RouteFinder,0.0,0.001,7.455197268486023
R45C,OVRPL,MTPOMO,0.0,0.004,8.299554208993912
R45C,OVRPL,MVMOE,0.0,0.006,8.902559645175934
R45C,OVRPL,MoSES_CaDA,0.587,0.331,7.460694483995438
R45C,OVRPL,MoSES_RF,0.275,0.307,7.45365038561821
R45C,OVRPL,RELD_MOEL,0.001,0.051,7.634091713191199
R45C,OVRPL,RELD_MTL,0.005,0.081,7.5928607301710995
R45C,OVRPL,RouteFinder,0.132,0.22,7.472738029479981
R45C,VRPBL,MTPOMO,0.0,0.013,10.599956233501434
R45C,VRPBL,MVMOE,0.0,0.048,11.21274640083313
R45C,VRPBL,MoSES_CaDA,0.0,0.0,11.212074837207794
R45C,VRPBL,MoSES_RF,0.0,0.0,11.212034766197204
R45C,VRPBL,RELD_MOEL,0.55,0.402,9.3094996213907
R45C,VRPBL,RELD_MTL,0.45,0.537,9.249179500104201
R45C,VRPBL,RouteFinder,0.0,0.0,11.230750265598298
R45C,VRPBTW,MTPOMO,0.0,0.0,24.68568640422821
R45C,VRPBTW,MVMOE,0.0,0.099,21.310201186180116
R45C,VRPBTW,MoSES_CaDA,0.03,0.044,22.58961263847351
R45C,VRPBTW,MoSES_RF,0.047,0.097,20.557189425468444
R45C,VRPBTW,RELD_MOEL,0.172,0.297,19.6308825974464
R45C,VRPBTW,RELD_MTL,0.635,0.357,19.526309038163
R45C,VRPBTW,RouteFinder,0.116,0.106,20.59584120130539
R45C,VRPLTW,MTPOMO,0.0,0.0,23.16357088851929
R45C,VRPLTW,MVMOE,0.0,0.074,20.012325197219848
R45C,VRPLTW,MoSES_CaDA,0.243,0.158,19.857556606292725
R45C,VRPLTW,MoSES_RF,0.081,0.123,18.56598180961609
R45C,VRPLTW,RELD_MOEL,0.102,0.219,18.4950568513878
R45C,VRPLTW,RELD_MTL,0.474,0.271,18.426861703871
R45C,VRPLTW,RouteFinder,0.1,0.155,18.518155880928038
R45C,OVRPBL,MTPOMO,0.0,0.009,7.218438376903534
R45C,OVRPBL,MVMOE,0.0,0.016,7.867766500473023
R45C,OVRPBL,MoSES_CaDA,0.0,0.0,7.445963557720185
R45C,OVRPBL,MoSES_RF,0.0,0.002,7.446541984081268
R45C,OVRPBL,RELD_MOEL,0.376,0.427,6.3443415842055
R45C,OVRPBL,RELD_MTL,0.624,0.544,6.306824829100299
R45C,OVRPBL,RouteFinder,0.0,0.002,7.463310028791428
R45C,OVRPBTW,MTPOMO,0.0,0.0,15.253699022293091
R45C,OVRPBTW,MVMOE,0.0,0.095,11.858678456783295
R45C,OVRPBTW,MoSES_CaDA,0.0,0.0,14.581800680160523
R45C,OVRPBTW,MoSES_RF,0.0,0.0,13.316464283943176
R45C,OVRPBTW,RELD_MOEL,0.49,0.444,10.644272426603699
R45C,OVRPBTW,RELD_MTL,0.51,0.46,10.6089857211126
R45C,OVRPBTW,RouteFinder,0.0,0.001,12.74077264547348
R45C,OVRPLTW,MTPOMO,0.0,0.0,14.455833324432373
R45C,OVRPLTW,MVMOE,0.0,0.078,11.31222514629364
R45C,OVRPLTW,MoSES_CaDA,0.0,0.001,13.011645991802215
R45C,OVRPLTW,MoSES_RF,0.0,0.0,12.051634513378144
R45C,OVRPLTW,RELD_MOEL,0.547,0.429,10.1272947509287
R45C,OVRPLTW,RELD_MTL,0.453,0.492,10.1036022171989
R45C,OVRPLTW,RouteFinder,0.0,0.0,11.85197732257843
R45C,VRPBLTW,MTPOMO,0.0,0.001,24.79358337879181
R45C,VRPBLTW,MVMOE,0.0,0.092,21.506060430526734
R45C,VRPBLTW,MoSES_CaDA,0.037,0.047,22.476456687927246
R45C,VRPBLTW,MoSES_RF,0.013,0.08,20.814424947738647
R45C,VRPBLTW,RELD_MOEL,0.187,0.295,19.7997541594495
R45C,VRPBLTW,RELD_MTL,0.599,0.352,19.676956634044704
R45C,VRPBLTW,RouteFinder,0.164,0.133,20.62283718776703
R45C,OVRPBLTW,MTPOMO,0.0,0.0,15.283535895347596
R45C,OVRPBLTW,MVMOE,0.0,0.075,12.04048284626007
R45C,OVRPBLTW,MoSES_CaDA,0.0,0.0,14.423973743915559
R45C,OVRPBLTW,MoSES_RF,0.0,0.0,13.219413340091705
R45C,OVRPBLTW,RELD_MOEL,0.501,0.447,10.6279766216274
R45C,OVRPBLTW,RELD_MTL,0.499,0.478,10.5927730689038
R45C,OVRPBLTW,RouteFinder,0.0,0.0,12.676969738483429
