model,problem,n,top1,top2,top3,ce,mean_cost,vs_sbs_pct,vs_oracle_pct,actual_regret_pct,true3_accuracy,reference_top2_accuracy,sbs_cost,oracle_cost
R43A historical,ALL,18000,0.4794444444444444,0.8156666666666668,0.9247222222222222,1.0999343527687921,11.168107744871934,-1.0323754165656451,0.9150365305253829,0.9433098106429926,0.7004739907553348,0.5842061554799476,11.33392111979995,11.056694756860352
R43A historical,TSP,1000,0.37,0.62,0.748,1.5974751710891724,8.04407484351249,-0.4799897118737295,0.6182241717343384,0.6424435463269718,0.6288651669293595,0.5768844221105528,8.082871796559921,7.994649984860527
R43A historical,CVRP,1000,0.466,0.693,0.821,1.3844904899597168,18.250420155524523,-0.4468172841650797,0.5056429661840722,0.6380604914875693,0.6703333333333332,0.675,18.3323321843146,18.15860245943108
R43A historical,ATSP,1000,0.772,0.962,0.996,0.6078668832778931,1.6298841235637664,-2.383430465862002,0.3277855767158666,0.32837216390368607,0.8518333333333332,0.817629179331307,1.669679780125618,1.6245590533018113
R43A historical,OVRP,1000,0.358,0.644,0.836,1.4665827751159668,7.4639345757960855,-0.07463299150612945,0.7456469170686209,0.756975481874146,0.5836666666666667,0.565,7.469509294033051,7.408691893100071
R43A historical,VRPB,1000,0.505,0.918,0.989,0.9360535740852356,9.2917158875464,-0.03601428237097748,0.8020373261370839,0.8089273420106481,0.7366666666666665,0.541,9.295063437939502,9.21778580474895
R43A historical,VRPL,1000,0.309,0.527,0.698,1.67203688621521,12.353379205226716,-0.05917792452111437,0.474471178756275,0.48293450201097,0.5458333333333333,0.5605605605605606,12.360694007396699,12.295042770863212
R43A historical,VRPTW,1000,0.443,0.755,0.925,1.2012906074523926,17.64549374580468,-4.286156017532883,1.2714449545584428,1.3410160787158776,0.654,0.58,18.43567556333542,17.42395771455853
R43A historical,OVRPTW,1000,0.484,0.908,0.999,0.9144518375396729,10.116014722823401,-0.07195898191926231,0.8213050939135602,0.8303654634178451,0.735,0.54,10.1232993459694,10.033608187674702
R43A historical,OVRPB,1000,0.558,0.964,0.991,0.8206995129585266,6.2950101389901,-0.02067098470877049,0.9967367619710066,1.0078989039498092,0.803,0.575,6.2963116486082,6.2328846859935405
R43A historical,OVRPL,1000,0.37,0.68,0.859,1.4161722660064697,7.445066484928144,-0.11516371503859091,0.6950750749679324,0.6974732503972004,0.5913333333333333,0.5395395395395396,7.45365038561821,7.3936748936184395
R43A historical,VRPBL,1000,0.556,0.938,0.991,0.861906111240387,9.2465750727656,-0.028158468960104432,0.7549314745105562,0.7583917703978897,0.763,0.584,9.249179500104201,9.177292800903587
R43A historical,VRPBTW,1000,0.436,0.776,0.938,1.1451705694198608,18.984879553794997,-2.772820420437938,1.574864266549425,1.5541607504052608,0.6643333333333332,0.5565565565565566,19.526309038163,18.690529089928685
R43A historical,VRPLTW,1000,0.446,0.782,0.93,1.1786373853683472,17.587024811744378,-4.557677295370355,1.2350509498960438,1.3034252861095874,0.674,0.58,18.426861703871,17.37246600532524
R43A historical,OVRPBL,1000,0.586,0.971,0.992,0.7952724695205688,6.299669894933,-0.1134474852430567,0.9275430566788367,0.94402453441429,0.8056666666666666,0.602,6.306824829100299,6.241774746656851
R43A historical,OVRPBTW,1000,0.515,0.904,0.998,0.8946945071220398,10.6084066147813,-0.0054586399352629655,1.2427403893912725,1.282319025145703,0.738,0.568,10.6089857211126,10.478189916610457
R43A historical,OVRPLTW,1000,0.505,0.921,1.0,0.8653808832168579,10.0973622393624,-0.061759931778360144,0.8000695521223511,0.8300082909080999,0.7473333333333333,0.539,10.1036022171989,10.017217531919648
R43A historical,VRPBLTW,1000,0.45,0.794,0.935,1.1524550914764404,19.07573126268344,-3.055479475525369,1.5284674701415701,1.6052049300586553,0.67,0.575,19.676956634044704,18.78855432176538
R43A historical,OVRPBLTW,1000,0.501,0.925,0.999,0.8881813287734985,10.5912960739134,-0.013943421432627279,1.1486203681596363,1.167574780039656,0.7456666666666666,0.5405405405405406,10.5927730689038,10.47102376222564
R45A,ALL,18000,0.47911111111111115,0.8174444444444444,0.9243333333333335,1.1011188758744135,11.168365905877838,-1.0320033464644416,0.9156894236944484,0.9432205040972027,0.7012513784740464,0.5840396185797483,11.33392111979995,11.056694756860352
R45A,TSP,1000,0.359,0.617,0.752,1.60502028465271,8.044507260264542,-0.47463992082253936,0.6236329982979738,0.6503961134683289,0.6265248125328365,0.5698492462311557,8.082871796559921,7.994649984860527
R45A,CVRP,1000,0.481,0.692,0.822,1.3889073133468628,18.247944990634338,-0.4603189208651992,0.492012154585475,0.6138320132029332,0.6743333333333332,0.687,18.3323321843146,18.15860245943108
R45A,ATSP,1000,0.775,0.962,0.995,0.6098654866218567,1.6298762295246125,-2.383903253473607,0.3272996578360443,0.327376517162016,0.8541666666666665,0.8206686930091185,1.669679780125618,1.6245590533018113
R45A,OVRP,1000,0.374,0.649,0.831,1.4641257524490356,7.461105406999683,-0.11250922520548157,0.7074597601828492,0.7130150799412186,0.5846666666666667,0.57,7.469509294033051,7.408691893100071
R45A,VRPB,1000,0.517,0.918,0.988,0.9310944676399231,9.2874395599367,-0.08202072050077502,0.7556451914066509,0.768148771976611,0.7406666666666666,0.552,9.295063437939502,9.21778580474895
R45A,VRPL,1000,0.302,0.528,0.696,1.680270791053772,12.354607674121864,-0.04923941383221386,0.4844627576229943,0.4926049387649516,0.5435,0.5515515515515516,12.360694007396699,12.295042770863212
R45A,VRPTW,1000,0.435,0.771,0.924,1.203362226486206,17.65770413208071,-4.219923639803724,1.3415230991227434,1.4119123149147808,0.6586666666666666,0.574,18.43567556333542,17.42395771455853
R45A,OVRPTW,1000,0.491,0.908,0.999,0.9222361445426941,10.1140217623698,-0.09164584867574765,0.8014422448135772,0.8189992075805642,0.7376666666666666,0.547,10.1232993459694,10.033608187674702
R45A,OVRPB,1000,0.551,0.964,0.992,0.8190776705741882,6.295777523042499,-0.008483150064830802,1.009048622226083,1.0278771297606746,0.8003333333333332,0.567,6.2963116486082,6.2328846859935405
R45A,OVRPL,1000,0.37,0.686,0.857,1.4154402017593384,7.444869086027193,-0.11781206706394931,0.6924052402268899,0.6942971396328531,0.594,0.5425425425425425,7.45365038561821,7.3936748936184395
R45A,VRPBL,1000,0.547,0.94,0.991,0.8706569671630859,9.245515623092901,-0.03961299498251858,0.7433872239817507,0.7461961253843078,0.761,0.58,9.249179500104201,9.177292800903587
R45A,VRPBTW,1000,0.443,0.785,0.935,1.1465425491333008,18.97297435665188,-2.8337904538418446,1.5111678506489534,1.511844088984126,0.6653333333333332,0.5615615615615616,19.526309038163,18.690529089928685
R45A,VRPLTW,1000,0.445,0.785,0.928,1.1682045459747314,17.603499276160633,-4.468272682251695,1.3298818415564906,1.3869946903680401,0.6796666666666666,0.578,18.426861703871,17.37246600532524
R45A,OVRPBL,1000,0.574,0.971,0.991,0.7906631827354431,6.3019509816162,-0.07727894172058214,0.9640885389460507,0.9840688123806901,0.803,0.59,6.306824829100299,6.241774746656851
R45A,OVRPBTW,1000,0.514,0.903,0.997,0.8965756893157959,10.6081614775664,-0.007769296404647186,1.2404008897558327,1.2650024723295679,0.7363333333333333,0.564,10.6089857211126,10.478189916610457
R45A,OVRPLTW,1000,0.502,0.921,1.0,0.8673834800720215,10.0975937423723,-0.05946863997051688,0.8023806031618452,0.8209883810712121,0.7476666666666666,0.54,10.1036022171989,10.017217531919648
R45A,VRPBLTW,1000,0.449,0.789,0.941,1.1486040353775024,19.071665447711727,-3.0761422997991117,1.5068276201452235,1.574573741760688,0.6696666666666667,0.578,19.676956634044704,18.78855432176538
R45A,OVRPBLTW,1000,0.495,0.925,0.999,0.8921089768409729,10.591371775627099,-0.013228767080963877,1.149343331982644,1.169841535066084,0.7453333333333333,0.5395395395395396,10.5927730689038,10.47102376222564
R45B,ALL,18000,0.474,0.8138888888888889,0.9231111111111111,1.1020716163847182,11.17024887394091,-1.0149398204994189,0.9329939673635218,0.9633698623806077,0.6981876131038618,0.5788148740401851,11.33392111979995,11.056694756860352
R45B,TSP,1000,0.368,0.609,0.739,1.606381893157959,8.045434573981172,-0.46316734350138056,0.6352321767283842,0.6612252669975083,0.6217103692028466,0.5678391959798995,8.082871796559921,7.994649984860527
R45B,CVRP,1000,0.472,0.695,0.822,1.393758773803711,18.252667356490456,-0.4345591549574146,0.518018373217477,0.6380151911277729,0.6743333333333332,0.681,18.3323321843146,18.15860245943108
R45B,ATSP,1000,0.773,0.962,0.995,0.6156384348869324,1.6306736419200898,-2.33614485063679,0.37638450912886867,0.3803231614183446,0.8541666666666666,0.8186423505572442,1.669679780125618,1.6245590533018113
R45B,OVRP,1000,0.364,0.64,0.834,1.4677592515945435,7.462365693807569,-0.09563680751007997,0.7244706823006819,0.7326948395367594,0.5843333333333333,0.578,7.469509294033051,7.408691893100071
R45B,VRPB,1000,0.486,0.919,0.989,0.9250850081443787,9.2962051091191,0.012282553930065276,0.8507390606727894,0.867915282450363,0.7286666666666666,0.518,9.295063437939502,9.21778580474895
R45B,VRPL,1000,0.305,0.526,0.709,1.6675090789794922,12.355737844944183,-0.04009615034196168,0.49365484294863204,0.5005047330584264,0.5505,0.5595595595595596,12.360694007396699,12.295042770863212
R45B,VRPTW,1000,0.425,0.745,0.916,1.2241365909576416,17.659679220200168,-4.209210237342975,1.3528585726805487,1.4221252884730424,0.6453333333333332,0.57,18.43567556333542,17.42395771455853
R45B,OVRPTW,1000,0.46,0.908,0.999,0.9198800325393677,10.123045025347801,-0.0025122305772784514,0.8913726348509732,0.9094289367089552,0.7253333333333333,0.51,10.1232993459694,10.033608187674702
R45B,OVRPB,1000,0.56,0.964,0.991,0.8174254298210144,6.293458074571699,-0.0453213594840407,0.9718355405207157,0.983494681084609,0.804,0.577,6.2963116486082,6.2328846859935405
R45B,OVRPL,1000,0.374,0.674,0.86,1.4136466979980469,7.44389377808574,-0.13089703739385117,0.6792141281549258,0.6851863527238526,0.593,0.5365365365365365,7.45365038561821,7.3936748936184395
R45B,VRPBL,1000,0.552,0.938,0.99,0.861606776714325,9.245562464237398,-0.039106559308987876,0.7438976266191499,0.7505109013379151,0.7609999999999999,0.578,9.249179500104201,9.177292800903587
R45B,VRPBTW,1000,0.445,0.782,0.935,1.16036057472229,18.98322228908525,-2.7813077628563443,1.565997397656771,1.5527681964256308,0.6646666666666666,0.5665665665665666,19.526309038163,18.690529089928685
R45B,VRPLTW,1000,0.443,0.774,0.924,1.1766445636749268,17.59965742874042,-4.4891218506122765,1.3077672642763494,1.3810502416019512,0.6726666666666666,0.584,18.426861703871,17.37246600532524
R45B,OVRPBL,1000,0.575,0.971,0.993,0.7876970767974854,6.2996599647986,-0.11360493585678144,0.9273839651575466,0.9414853318667551,0.803,0.591,6.306824829100299,6.241774746656851
R45B,OVRPBTW,1000,0.502,0.904,0.998,0.8934165239334106,10.6084987740516,-0.004589949254341086,1.2436199236527612,1.278772968272615,0.734,0.556,10.6089857211126,10.478189916610457
R45B,OVRPLTW,1000,0.482,0.921,1.0,0.8665279746055603,10.101599843026499,-0.01981841851406152,0.8423727530920466,0.8670335733475333,0.7406666666666665,0.519,10.1036022171989,10.017217531919648
R45B,VRPBLTW,1000,0.463,0.793,0.924,1.1547101736068726,19.06879789113951,-3.0907154709736373,1.4915653678020835,1.563542109891795,0.6703333333333332,0.584,19.676956634044704,18.78855432176538
R45B,OVRPBLTW,1000,0.483,0.925,0.998,0.885104238986969,10.5943207573891,0.014610796202596532,1.177506593082689,1.2245804665271098,0.7396666666666666,0.5235235235235235,10.5927730689038,10.47102376222564
R45C,ALL,18000,0.47816666666666663,0.8163333333333334,0.9232222222222222,1.1074010067515903,11.170659236901669,-1.0079940633615152,0.9403870149220813,0.9681679663011775,0.7008621552488151,0.5822545659574302,11.33392111979995,11.056694756860352
R45C,TSP,1000,0.368,0.616,0.747,1.604707956314087,8.04405618429639,-0.48022056071769237,0.6179907754488623,0.6465151532793608,0.6245187944786741,0.5738693467336683,8.082871796559921,7.994649984860527
R45C,CVRP,1000,0.466,0.695,0.82,1.3977665901184082,18.253877998351253,-0.42795529327398496,0.5246854163641235,0.6604064284215104,0.675,0.682,18.3323321843146,18.15860245943108
R45C,ATSP,1000,0.764,0.963,0.992,0.6496393084526062,1.6327080982923508,-2.2142977517812246,0.5016158060845433,0.5129493465350898,0.8541666666666666,0.8085106382978723,1.669679780125618,1.6245590533018113
R45C,OVRP,1000,0.366,0.65,0.839,1.4644691944122314,7.4634263460636605,-0.08143704934204798,0.7387870052278034,0.7501851591116938,0.584,0.566,7.469509294033051,7.408691893100071
R45C,VRPB,1000,0.5,0.918,0.988,0.946095883846283,9.293217483520198,-0.019859513941233864,0.8183275286391067,0.8288750402676306,0.7349999999999999,0.535,9.295063437939502,9.21778580474895
R45C,VRPL,1000,0.31,0.535,0.699,1.6671749353408813,12.35476541185379,-0.04796329024373547,0.4857456952659822,0.4949325265387456,0.5518333333333334,0.5615615615615616,12.360694007396699,12.295042770863212
R45C,VRPTW,1000,0.431,0.756,0.918,1.2214692831039429,17.662570929528112,-4.193524838031138,1.3694547408721558,1.4284230722357825,0.6516666666666666,0.567,18.43567556333542,17.42395771455853
R45C,OVRPTW,1000,0.494,0.908,0.999,0.9224119186401367,10.116435460090099,-0.06780285403724662,0.8254983737270294,0.8297661669308933,0.7366666666666667,0.544,10.1232993459694,10.033608187674702
R45C,OVRPB,1000,0.559,0.964,0.991,0.8267436027526855,6.2940479769725,-0.03595234419822013,0.9812998966017394,0.9912224247605136,0.8036666666666665,0.578,6.2963116486082,6.2328846859935405
R45C,OVRPL,1000,0.374,0.681,0.859,1.428995132446289,7.446337803125466,-0.09810739858221451,0.7122697476525497,0.7226452668179857,0.597,0.5445445445445446,7.45365038561821,7.3936748936184395
R45C,VRPBL,1000,0.549,0.939,0.991,0.8605775237083435,9.247673518180902,-0.0162823299437842,0.7669006405721879,0.7655101830868255,0.7603333333333333,0.577,9.249179500104201,9.177292800903587
R45C,VRPBTW,1000,0.449,0.778,0.935,1.159485101699829,18.977300158501492,-2.8116367439873113,1.5343122026830969,1.5184040746668286,0.6683333333333332,0.5645645645645646,19.526309038163,18.690529089928685
R45C,VRPLTW,1000,0.451,0.78,0.922,1.1739341020584106,17.61875963973863,-4.385456824493394,1.417724083258487,1.4679421966651924,0.6776666666666666,0.576,18.426861703871,17.37246600532524
R45C,OVRPBL,1000,0.578,0.971,0.991,0.7922937273979187,6.2999673686016,-0.10873079060415014,0.9323089074291913,0.9347483583542763,0.8033333333333332,0.596,6.306824829100299,6.241774746656851
R45C,OVRPBTW,1000,0.494,0.903,0.997,0.8994377255439758,10.6094848384863,0.004704666278376735,1.2530305608195569,1.2923207883572763,0.7313333333333333,0.548,10.6089857211126,10.478189916610457
R45C,OVRPLTW,1000,0.502,0.921,1.0,0.8664193153381348,10.096603639128002,-0.06926814734435904,0.7924965885525825,0.812800324695787,0.7486666666666665,0.542,10.1036022171989,10.017217531919648
R45C,VRPBLTW,1000,0.458,0.791,0.931,1.1628320217132568,19.066626351832678,-3.101751422046861,1.4800075902868803,1.5616056000502636,0.6696666666666667,0.585,19.676956634044704,18.78855432176538
R45C,OVRPBLTW,1000,0.494,0.925,0.999,0.8887647986412048,10.5940070576666,0.011649345782949183,1.174510709111587,1.2077712826455436,0.7426666666666665,0.5315315315315315,10.5927730689038,10.47102376222564
