model,split,problem,n,top1,top2,top3,mean_cost,best_top1,best_top2,best_top3,sbs_cost,sbs_name,vs_sbs_pct,actual_regret_pct,top1_exceeds_methods,top1_not_exceeds_methods,cost_exceeds_methods,cost_not_exceeds_methods
A,val_best,TSP,1000,0.385,0.611,0.753,7.9140795681711475,0.167,0.283,0.392,7.957802834618703,T2T500,-0.5494389262491794,0.5615552846177718,"[""BQ"", ""DIFUSCO"", ""DIFUSCO500"", ""ELG"", ""LEHD"", ""OMNI"", ""T2T"", ""T2T500""]",[],"[""BQ"", ""DIFUSCO"", ""DIFUSCO500"", ""ELG"", ""LEHD"", ""OMNI"", ""T2T"", ""T2T500""]",[]
A,val_best,CVRP,1000,0.479,0.692,0.833,18.202896996020705,0.219,0.5,0.602,18.2943333024977,RELD_CVRP,-0.49980671591083325,0.6764067470281662,"[""BQ"", ""ELG"", ""ICAM"", ""LEHD"", ""MVMOE"", ""MoSES_CaDA"", ""MoSES_RF"", ""OMNI"", ""RELD_CVRP"", ""RouteFinder""]",[],"[""BQ"", ""ELG"", ""ICAM"", ""LEHD"", ""MVMOE"", ""MoSES_CaDA"", ""MoSES_RF"", ""OMNI"", ""RELD_CVRP"", ""RouteFinder""]",[]
A,val_best,ATSP,1000,0.785,0.968,0.993,1.6347508870363237,0.48,0.782,0.858,1.6735241072177887,UNICO_MatPOENet,-2.316860570710566,0.3132905315123528,"[""GLOP"", ""ICAM_ATSP"", ""MATNET"", ""MATPOENET"", ""UNICO_MatPOENet""]",[],"[""GLOP"", ""ICAM_ATSP"", ""MATNET"", ""MATPOENET"", ""UNICO_MatPOENet""]",[]
A,val_best,OVRP,1000,0.38,0.658,0.839,7.451839668750752,0.302,0.628,0.841,7.461659968614578,MoSES_RF,-0.13161012301728947,0.6626767989288124,"[""MTPOMO"", ""MVMOE"", ""MoSES_CaDA"", ""MoSES_RF"", ""RELD_MOEL"", ""RELD_MTL"", ""RouteFinder""]",[],"[""MTPOMO"", ""MVMOE"", ""MoSES_CaDA"", ""MoSES_RF"", ""RELD_MOEL"", ""RELD_MTL"", ""RouteFinder""]",[]
A,val_best,VRPB,1000,0.554,0.917,0.996,9.3326893639578,0.504,0.917,0.934,9.340268511773099,RELD_MTL,-0.08114486008348187,0.6953343233257846,"[""MTPOMO"", ""MVMOE"", ""MoSES_CaDA"", ""MoSES_RF"", ""RELD_MOEL"", ""RELD_MTL"", ""RouteFinder""]",[],"[""MTPOMO"", ""MVMOE"", ""MoSES_CaDA"", ""MoSES_RF"", ""RELD_MOEL"", ""RELD_MTL"", ""RouteFinder""]",[]
A,val_best,VRPL,1000,0.335,0.592,0.736,12.399742015361612,0.283,0.559,0.728,12.407212627887725,MoSES_CaDA,-0.060211852171543345,0.4510903074597248,"[""MTPOMO"", ""MVMOE"", ""MoSES_CaDA"", ""MoSES_RF"", ""RELD_MOEL"", ""RELD_MTL"", ""RouteFinder""]",[],"[""MTPOMO"", ""MVMOE"", ""MoSES_CaDA"", ""MoSES_RF"", ""RELD_MOEL"", ""RELD_MTL"", ""RouteFinder""]",[]
A,val_best,VRPTW,1000,0.47,0.766,0.929,17.885999235630333,0.169,0.319,0.555,18.65708061981201,MoSES_RF,-4.132915539652348,1.3734615275921769,"[""MTPOMO"", ""MVMOE"", ""MoSES_CaDA"", ""MoSES_RF"", ""RELD_MOEL"", ""RELD_MTL"", ""RouteFinder""]",[],"[""MTPOMO"", ""MVMOE"", ""MoSES_CaDA"", ""MoSES_RF"", ""RELD_MOEL"", ""RELD_MTL"", ""RouteFinder""]",[]
A,val_best,OVRPTW,1000,0.51,0.933,1.0,10.0430023427015,0.476,0.933,0.999,10.0484350333218,RELD_MTL,-0.054065041991957496,0.8586059302170251,"[""MTPOMO"", ""MVMOE"", ""MoSES_CaDA"", ""MoSES_RF"", ""RELD_MOEL"", ""RELD_MTL"", ""RouteFinder""]",[],"[""MTPOMO"", ""MVMOE"", ""MoSES_CaDA"", ""MoSES_RF"", ""RELD_MOEL"", ""RELD_MTL"", ""RouteFinder""]",[]
A,val_best,OVRPB,1000,0.583,0.968,0.984,6.316884791611301,0.545,0.968,0.982,6.3219805679320995,RELD_MTL,-0.08060411236704423,0.9067025157527772,"[""MTPOMO"", ""MVMOE"", ""MoSES_CaDA"", ""MoSES_RF"", ""RELD_MOEL"", ""RELD_MTL"", ""RouteFinder""]",[],"[""MTPOMO"", ""MVMOE"", ""MoSES_CaDA"", ""MoSES_RF"", ""RELD_MOEL"", ""RELD_MTL"", ""RouteFinder""]",[]
A,val_best,OVRPL,1000,0.402,0.691,0.862,7.432119432449256,0.334,0.667,0.861,7.437561680555343,MoSES_RF,-0.07317247694651474,0.7206319951617496,"[""MTPOMO"", ""MVMOE"", ""MoSES_CaDA"", ""MoSES_RF"", ""RELD_MOEL"", ""RELD_MTL"", ""RouteFinder""]",[],"[""MTPOMO"", ""MVMOE"", ""MoSES_CaDA"", ""MoSES_RF"", ""RELD_MOEL"", ""RELD_MTL"", ""RouteFinder""]",[]
A,val_best,VRPBL,1000,0.52,0.916,0.988,9.3593634419428,0.528,0.914,0.935,9.3592684750534,RELD_MTL,0.0010146828211432535,0.8154327761860702,"[""MTPOMO"", ""MVMOE"", ""MoSES_CaDA"", ""MoSES_RF"", ""RELD_MOEL"", ""RouteFinder""]","[""RELD_MTL""]","[""MTPOMO"", ""MVMOE"", ""MoSES_CaDA"", ""MoSES_RF"", ""RELD_MOEL"", ""RouteFinder""]","[""RELD_MTL""]"
A,val_best,VRPBTW,1000,0.444,0.81,0.93,19.040335039138665,0.372,0.673,0.753,19.669740455628002,RELD_MTL,-3.199866403469742,1.6354881625949071,"[""MTPOMO"", ""MVMOE"", ""MoSES_CaDA"", ""MoSES_RF"", ""RELD_MOEL"", ""RELD_MTL"", ""RouteFinder""]",[],"[""MTPOMO"", ""MVMOE"", ""MoSES_CaDA"", ""MoSES_RF"", ""RELD_MOEL"", ""RELD_MTL"", ""RouteFinder""]",[]
A,val_best,VRPLTW,1000,0.457,0.817,0.941,17.617218019485993,0.149,0.406,0.524,18.509148851394652,RouteFinder,-4.8188646548242176,1.2364110723138861,"[""MTPOMO"", ""MVMOE"", ""MoSES_CaDA"", ""MoSES_RF"", ""RELD_MOEL"", ""RELD_MTL"", ""RouteFinder""]",[],"[""MTPOMO"", ""MVMOE"", ""MoSES_CaDA"", ""MoSES_RF"", ""RELD_MOEL"", ""RELD_MTL"", ""RouteFinder""]",[]
A,val_best,OVRPBL,1000,0.588,0.955,0.985,6.3009124948972,0.555,0.955,0.979,6.310259730338401,RELD_MTL,-0.14812758651219227,0.9031904440747378,"[""MTPOMO"", ""MVMOE"", ""MoSES_CaDA"", ""MoSES_RF"", ""RELD_MOEL"", ""RELD_MTL"", ""RouteFinder""]",[],"[""MTPOMO"", ""MVMOE"", ""MoSES_CaDA"", ""MoSES_RF"", ""RELD_MOEL"", ""RELD_MTL"", ""RouteFinder""]",[]
A,val_best,OVRPBTW,1000,0.5,0.913,0.997,10.4978777179715,0.461,0.913,0.999,10.5067767958638,RELD_MTL,-0.08469845762597572,1.1592055373008447,"[""MTPOMO"", ""MVMOE"", ""MoSES_CaDA"", ""MoSES_RF"", ""RELD_MOEL"", ""RELD_MTL"", ""RouteFinder""]",[],"[""MTPOMO"", ""MVMOE"", ""MoSES_CaDA"", ""MoSES_RF"", ""RELD_MOEL"", ""RELD_MTL"", ""RouteFinder""]",[]
A,val_best,OVRPLTW,1000,0.508,0.927,0.998,10.127592273714098,0.494,0.927,0.999,10.1272053890245,RELD_MTL,0.0038202512414597933,0.8849995820336041,"[""MTPOMO"", ""MVMOE"", ""MoSES_CaDA"", ""MoSES_RF"", ""RELD_MOEL"", ""RELD_MTL"", ""RouteFinder""]",[],"[""MTPOMO"", ""MVMOE"", ""MoSES_CaDA"", ""MoSES_RF"", ""RELD_MOEL"", ""RouteFinder""]","[""RELD_MTL""]"
A,val_best,VRPBLTW,1000,0.44,0.786,0.934,18.94340243625673,0.347,0.662,0.798,19.5197782111173,RELD_MTL,-2.9527782981279005,1.654986354308964,"[""MTPOMO"", ""MVMOE"", ""MoSES_CaDA"", ""MoSES_RF"", ""RELD_MOEL"", ""RELD_MTL"", ""RouteFinder""]",[],"[""MTPOMO"", ""MVMOE"", ""MoSES_CaDA"", ""MoSES_RF"", ""RELD_MOEL"", ""RELD_MTL"", ""RouteFinder""]",[]
A,val_best,OVRPBLTW,1000,0.501,0.92,0.999,10.532592489719201,0.471,0.92,0.999,10.541174040316701,RELD_MTL,-0.08140981796408431,1.159400559506863,"[""MTPOMO"", ""MVMOE"", ""MoSES_CaDA"", ""MoSES_RF"", ""RELD_MOEL"", ""RELD_MTL"", ""RouteFinder""]",[],"[""MTPOMO"", ""MVMOE"", ""MoSES_CaDA"", ""MoSES_RF"", ""RELD_MOEL"", ""RELD_MTL"", ""RouteFinder""]",[]
A,test,TSP,1000,0.359,0.617,0.752,8.044507260264542,0.132,0.288,0.402,8.082871796559921,DIFUSCO500,-0.47463992082253936,0.6503961134683289,"[""BQ"", ""DIFUSCO"", ""DIFUSCO500"", ""ELG"", ""LEHD"", ""OMNI"", ""T2T"", ""T2T500""]",[],"[""BQ"", ""DIFUSCO"", ""DIFUSCO500"", ""ELG"", ""LEHD"", ""OMNI"", ""T2T"", ""T2T500""]",[]
A,test,CVRP,1000,0.481,0.692,0.822,18.247944990634338,0.254,0.498,0.611,18.3323321843146,RELD_CVRP,-0.4603189208651992,0.6138320132029332,"[""BQ"", ""ELG"", ""ICAM"", ""LEHD"", ""MVMOE"", ""MoSES_CaDA"", ""MoSES_RF"", ""OMNI"", ""RELD_CVRP"", ""RouteFinder""]",[],"[""BQ"", ""ELG"", ""ICAM"", ""LEHD"", ""MVMOE"", ""MoSES_CaDA"", ""MoSES_RF"", ""OMNI"", ""RELD_CVRP"", ""RouteFinder""]",[]
A,test,ATSP,1000,0.775,0.962,0.995,1.6298762295246125,0.458,0.759,0.847,1.669679780125618,UNICO_MatPOENet,-2.383903253473607,0.327376517162016,"[""GLOP"", ""ICAM_ATSP"", ""MATNET"", ""MATPOENET"", ""UNICO_MatPOENet""]",[],"[""GLOP"", ""ICAM_ATSP"", ""MATNET"", ""MATPOENET"", ""UNICO_MatPOENet""]",[]
A,test,OVRP,1000,0.374,0.649,0.831,7.461105406999683,0.317,0.636,0.83,7.469509294033051,MoSES_RF,-0.11250922520548157,0.7130150799412186,"[""MTPOMO"", ""MVMOE"", ""MoSES_CaDA"", ""MoSES_RF"", ""RELD_MOEL"", ""RELD_MTL"", ""RouteFinder""]",[],"[""MTPOMO"", ""MVMOE"", ""MoSES_CaDA"", ""MoSES_RF"", ""RELD_MOEL"", ""RELD_MTL"", ""RouteFinder""]",[]
A,test,VRPB,1000,0.517,0.918,0.988,9.2874395599367,0.483,0.918,0.94,9.295063437939502,RELD_MTL,-0.08202072050077502,0.768148771976611,"[""MTPOMO"", ""MVMOE"", ""MoSES_CaDA"", ""MoSES_RF"", ""RELD_MOEL"", ""RELD_MTL"", ""RouteFinder""]",[],"[""MTPOMO"", ""MVMOE"", ""MoSES_CaDA"", ""MoSES_RF"", ""RELD_MOEL"", ""RELD_MTL"", ""RouteFinder""]",[]
A,test,VRPL,1000,0.302,0.528,0.696,12.354607674121864,0.252,0.508,0.667,12.360694007396699,MoSES_CaDA,-0.04923941383221386,0.4926049387649516,"[""MTPOMO"", ""MVMOE"", ""MoSES_CaDA"", ""MoSES_RF"", ""RELD_MOEL"", ""RELD_MTL"", ""RouteFinder""]",[],"[""MTPOMO"", ""MVMOE"", ""MoSES_CaDA"", ""MoSES_RF"", ""RELD_MOEL"", ""RELD_MTL"", ""RouteFinder""]",[]
A,test,VRPTW,1000,0.435,0.771,0.924,17.65770413208071,0.188,0.426,0.667,18.43567556333542,MoSES_RF,-4.219923639803724,1.4119123149147808,"[""MTPOMO"", ""MVMOE"", ""MoSES_CaDA"", ""MoSES_RF"", ""RELD_MOEL"", ""RELD_MTL"", ""RouteFinder""]",[],"[""MTPOMO"", ""MVMOE"", ""MoSES_CaDA"", ""MoSES_RF"", ""RELD_MOEL"", ""RELD_MTL"", ""RouteFinder""]",[]
A,test,OVRPTW,1000,0.491,0.908,0.999,10.1140217623698,0.479,0.908,0.999,10.1232993459694,RELD_MTL,-0.09164584867574765,0.8189992075805642,"[""MTPOMO"", ""MVMOE"", ""MoSES_CaDA"", ""MoSES_RF"", ""RELD_MOEL"", ""RELD_MTL"", ""RouteFinder""]",[],"[""MTPOMO"", ""MVMOE"", ""MoSES_CaDA"", ""MoSES_RF"", ""RELD_MOEL"", ""RELD_MTL"", ""RouteFinder""]",[]
A,test,OVRPB,1000,0.551,0.964,0.992,6.295777523042499,0.56,0.964,0.984,6.2963116486082,RELD_MTL,-0.008483150064830802,1.0278771297606746,"[""MTPOMO"", ""MVMOE"", ""MoSES_CaDA"", ""MoSES_RF"", ""RELD_MOEL"", ""RouteFinder""]","[""RELD_MTL""]","[""MTPOMO"", ""MVMOE"", ""MoSES_CaDA"", ""MoSES_RF"", ""RELD_MOEL"", ""RELD_MTL"", ""RouteFinder""]",[]
A,test,OVRPL,1000,0.37,0.686,0.857,7.444869086027193,0.307,0.638,0.858,7.45365038561821,MoSES_RF,-0.11781206706394931,0.6942971396328531,"[""MTPOMO"", ""MVMOE"", ""MoSES_CaDA"", ""MoSES_RF"", ""RELD_MOEL"", ""RELD_MTL"", ""RouteFinder""]",[],"[""MTPOMO"", ""MVMOE"", ""MoSES_CaDA"", ""MoSES_RF"", ""RELD_MOEL"", ""RELD_MTL"", ""RouteFinder""]",[]
A,test,VRPBL,1000,0.547,0.94,0.991,9.245515623092901,0.537,0.939,0.952,9.249179500104201,RELD_MTL,-0.03961299498251858,0.7461961253843078,"[""MTPOMO"", ""MVMOE"", ""MoSES_CaDA"", ""MoSES_RF"", ""RELD_MOEL"", ""RELD_MTL"", ""RouteFinder""]",[],"[""MTPOMO"", ""MVMOE"", ""MoSES_CaDA"", ""MoSES_RF"", ""RELD_MOEL"", ""RELD_MTL"", ""RouteFinder""]",[]
A,test,VRPBTW,1000,0.443,0.785,0.935,18.97297435665188,0.357,0.654,0.751,19.526309038163,RELD_MTL,-2.8337904538418446,1.511844088984126,"[""MTPOMO"", ""MVMOE"", ""MoSES_CaDA"", ""MoSES_RF"", ""RELD_MOEL"", ""RELD_MTL"", ""RouteFinder""]",[],"[""MTPOMO"", ""MVMOE"", ""MoSES_CaDA"", ""MoSES_RF"", ""RELD_MOEL"", ""RELD_MTL"", ""RouteFinder""]",[]
A,test,VRPLTW,1000,0.445,0.785,0.928,17.603499276160633,0.271,0.49,0.645,18.426861703871,RELD_MTL,-4.468272682251695,1.3869946903680401,"[""MTPOMO"", ""MVMOE"", ""MoSES_CaDA"", ""MoSES_RF"", ""RELD_MOEL"", ""RELD_MTL"", ""RouteFinder""]",[],"[""MTPOMO"", ""MVMOE"", ""MoSES_CaDA"", ""MoSES_RF"", ""RELD_MOEL"", ""RELD_MTL"", ""RouteFinder""]",[]
A,test,OVRPBL,1000,0.574,0.971,0.991,6.3019509816162,0.544,0.971,0.98,6.306824829100299,RELD_MTL,-0.07727894172058214,0.9840688123806901,"[""MTPOMO"", ""MVMOE"", ""MoSES_CaDA"", ""MoSES_RF"", ""RELD_MOEL"", ""RELD_MTL"", ""RouteFinder""]",[],"[""MTPOMO"", ""MVMOE"", ""MoSES_CaDA"", ""MoSES_RF"", ""RELD_MOEL"", ""RELD_MTL"", ""RouteFinder""]",[]
A,test,OVRPBTW,1000,0.514,0.903,0.997,10.6081614775664,0.46,0.904,0.999,10.6089857211126,RELD_MTL,-0.007769296404647186,1.2650024723295679,"[""MTPOMO"", ""MVMOE"", ""MoSES_CaDA"", ""MoSES_RF"", ""RELD_MOEL"", ""RELD_MTL"", ""RouteFinder""]",[],"[""MTPOMO"", ""MVMOE"", ""MoSES_CaDA"", ""MoSES_RF"", ""RELD_MOEL"", ""RELD_MTL"", ""RouteFinder""]",[]
A,test,OVRPLTW,1000,0.502,0.921,1.0,10.0975937423723,0.492,0.921,0.999,10.1036022171989,RELD_MTL,-0.05946863997051688,0.8209883810712121,"[""MTPOMO"", ""MVMOE"", ""MoSES_CaDA"", ""MoSES_RF"", ""RELD_MOEL"", ""RELD_MTL"", ""RouteFinder""]",[],"[""MTPOMO"", ""MVMOE"", ""MoSES_CaDA"", ""MoSES_RF"", ""RELD_MOEL"", ""RELD_MTL"", ""RouteFinder""]",[]
A,test,VRPBLTW,1000,0.449,0.789,0.941,19.071665447711727,0.352,0.647,0.78,19.676956634044704,RELD_MTL,-3.0761422997991117,1.574573741760688,"[""MTPOMO"", ""MVMOE"", ""MoSES_CaDA"", ""MoSES_RF"", ""RELD_MOEL"", ""RELD_MTL"", ""RouteFinder""]",[],"[""MTPOMO"", ""MVMOE"", ""MoSES_CaDA"", ""MoSES_RF"", ""RELD_MOEL"", ""RELD_MTL"", ""RouteFinder""]",[]
A,test,OVRPBLTW,1000,0.495,0.925,0.999,10.591371775627099,0.478,0.925,1.0,10.5927730689038,RELD_MTL,-0.013228767080963877,1.169841535066084,"[""MTPOMO"", ""MVMOE"", ""MoSES_CaDA"", ""MoSES_RF"", ""RELD_MOEL"", ""RELD_MTL"", ""RouteFinder""]",[],"[""MTPOMO"", ""MVMOE"", ""MoSES_CaDA"", ""MoSES_RF"", ""RELD_MOEL"", ""RELD_MTL"", ""RouteFinder""]",[]
B,val_best,TSP,1000,0.375,0.607,0.755,7.914875208420716,0.167,0.283,0.392,7.957802834618703,T2T500,-0.539440685954673,0.5780574371988264,"[""BQ"", ""DIFUSCO"", ""DIFUSCO500"", ""ELG"", ""LEHD"", ""OMNI"", ""T2T"", ""T2T500""]",[],"[""BQ"", ""DIFUSCO"", ""DIFUSCO500"", ""ELG"", ""LEHD"", ""OMNI"", ""T2T"", ""T2T500""]",[]
B,val_best,CVRP,1000,0.471,0.691,0.822,18.20530778551043,0.219,0.5,0.602,18.2943333024977,RELD_CVRP,-0.4866289222746123,0.7047522957662824,"[""BQ"", ""ELG"", ""ICAM"", ""LEHD"", ""MVMOE"", ""MoSES_CaDA"", ""MoSES_RF"", ""OMNI"", ""RELD_CVRP"", ""RouteFinder""]",[],"[""BQ"", ""ELG"", ""ICAM"", ""LEHD"", ""MVMOE"", ""MoSES_CaDA"", ""MoSES_RF"", ""OMNI"", ""RELD_CVRP"", ""RouteFinder""]",[]
B,val_best,ATSP,1000,0.786,0.968,0.993,1.6348476399183274,0.48,0.782,0.858,1.6735241072177887,UNICO_MatPOENet,-2.311079185095244,0.3181658987008801,"[""GLOP"", ""ICAM_ATSP"", ""MATNET"", ""MATPOENET"", ""UNICO_MatPOENet""]",[],"[""GLOP"", ""ICAM_ATSP"", ""MATNET"", ""MATPOENET"", ""UNICO_MatPOENet""]",[]
B,val_best,OVRP,1000,0.353,0.641,0.84,7.454568651676104,0.302,0.628,0.841,7.461659968614578,MoSES_RF,-0.09503672062652901,0.7076791458551966,"[""MTPOMO"", ""MVMOE"", ""MoSES_CaDA"", ""MoSES_RF"", ""RELD_MOEL"", ""RELD_MTL"", ""RouteFinder""]",[],"[""MTPOMO"", ""MVMOE"", ""MoSES_CaDA"", ""MoSES_RF"", ""RELD_MOEL"", ""RELD_MTL"", ""RouteFinder""]",[]
B,val_best,VRPB,1000,0.549,0.916,0.995,9.3345443940171,0.504,0.917,0.934,9.340268511773099,RELD_MTL,-0.06128429550803505,0.7169708820149067,"[""MTPOMO"", ""MVMOE"", ""MoSES_CaDA"", ""MoSES_RF"", ""RELD_MOEL"", ""RELD_MTL"", ""RouteFinder""]",[],"[""MTPOMO"", ""MVMOE"", ""MoSES_CaDA"", ""MoSES_RF"", ""RELD_MOEL"", ""RELD_MTL"", ""RouteFinder""]",[]
B,val_best,VRPL,1000,0.322,0.566,0.73,12.402872302532257,0.283,0.559,0.728,12.407212627887725,MoSES_CaDA,-0.03498227591999248,0.4745919135274121,"[""MTPOMO"", ""MVMOE"", ""MoSES_CaDA"", ""MoSES_RF"", ""RELD_MOEL"", ""RELD_MTL"", ""RouteFinder""]",[],"[""MTPOMO"", ""MVMOE"", ""MoSES_CaDA"", ""MoSES_RF"", ""RELD_MOEL"", ""RELD_MTL"", ""RouteFinder""]",[]
B,val_best,VRPTW,1000,0.458,0.759,0.927,17.89478067064345,0.169,0.319,0.555,18.65708061981201,MoSES_RF,-4.085847966798584,1.411759446429338,"[""MTPOMO"", ""MVMOE"", ""MoSES_CaDA"", ""MoSES_RF"", ""RELD_MOEL"", ""RELD_MTL"", ""RouteFinder""]",[],"[""MTPOMO"", ""MVMOE"", ""MoSES_CaDA"", ""MoSES_RF"", ""RELD_MOEL"", ""RELD_MTL"", ""RouteFinder""]",[]
B,val_best,OVRPTW,1000,0.495,0.933,1.0,10.0432188997279,0.476,0.933,0.999,10.0484350333218,RELD_MTL,-0.05190991011637669,0.8652650902188973,"[""MTPOMO"", ""MVMOE"", ""MoSES_CaDA"", ""MoSES_RF"", ""RELD_MOEL"", ""RELD_MTL"", ""RouteFinder""]",[],"[""MTPOMO"", ""MVMOE"", ""MoSES_CaDA"", ""MoSES_RF"", ""RELD_MOEL"", ""RELD_MTL"", ""RouteFinder""]",[]
B,val_best,OVRPB,1000,0.57,0.968,0.985,6.318111512659,0.545,0.968,0.982,6.3219805679320995,RELD_MTL,-0.06120005007173024,0.9327926386118173,"[""MTPOMO"", ""MVMOE"", ""MoSES_CaDA"", ""MoSES_RF"", ""RELD_MOEL"", ""RELD_MTL"", ""RouteFinder""]",[],"[""MTPOMO"", ""MVMOE"", ""MoSES_CaDA"", ""MoSES_RF"", ""RELD_MOEL"", ""RELD_MTL"", ""RouteFinder""]",[]
B,val_best,OVRPL,1000,0.406,0.687,0.859,7.43031594228741,0.334,0.667,0.861,7.437561680555343,MoSES_RF,-0.09742088306812224,0.6973529508234927,"[""MTPOMO"", ""MVMOE"", ""MoSES_CaDA"", ""MoSES_RF"", ""RELD_MOEL"", ""RELD_MTL"", ""RouteFinder""]",[],"[""MTPOMO"", ""MVMOE"", ""MoSES_CaDA"", ""MoSES_RF"", ""RELD_MOEL"", ""RELD_MTL"", ""RouteFinder""]",[]
B,val_best,VRPBL,1000,0.534,0.917,0.989,9.356708317755299,0.528,0.914,0.935,9.3592684750534,RELD_MTL,-0.027354245739663607,0.7989490356083486,"[""MTPOMO"", ""MVMOE"", ""MoSES_CaDA"", ""MoSES_RF"", ""RELD_MOEL"", ""RELD_MTL"", ""RouteFinder""]",[],"[""MTPOMO"", ""MVMOE"", ""MoSES_CaDA"", ""MoSES_RF"", ""RELD_MOEL"", ""RELD_MTL"", ""RouteFinder""]",[]
B,val_best,VRPBTW,1000,0.433,0.81,0.93,19.0409986858365,0.372,0.673,0.753,19.669740455628002,RELD_MTL,-3.1964924560639263,1.6434813836880546,"[""MTPOMO"", ""MVMOE"", ""MoSES_CaDA"", ""MoSES_RF"", ""RELD_MOEL"", ""RELD_MTL"", ""RouteFinder""]",[],"[""MTPOMO"", ""MVMOE"", ""MoSES_CaDA"", ""MoSES_RF"", ""RELD_MOEL"", ""RELD_MTL"", ""RouteFinder""]",[]
B,val_best,VRPLTW,1000,0.461,0.817,0.939,17.622291296005784,0.149,0.406,0.524,18.509148851394652,RouteFinder,-4.7914550934201605,1.232042953437263,"[""MTPOMO"", ""MVMOE"", ""MoSES_CaDA"", ""MoSES_RF"", ""RELD_MOEL"", ""RELD_MTL"", ""RouteFinder""]",[],"[""MTPOMO"", ""MVMOE"", ""MoSES_CaDA"", ""MoSES_RF"", ""RELD_MOEL"", ""RELD_MTL"", ""RouteFinder""]",[]
B,val_best,OVRPBL,1000,0.581,0.955,0.984,6.3024079391953,0.555,0.955,0.979,6.310259730338401,RELD_MTL,-0.12442896930773273,0.9310736166592591,"[""MTPOMO"", ""MVMOE"", ""MoSES_CaDA"", ""MoSES_RF"", ""RELD_MOEL"", ""RELD_MTL"", ""RouteFinder""]",[],"[""MTPOMO"", ""MVMOE"", ""MoSES_CaDA"", ""MoSES_RF"", ""RELD_MOEL"", ""RELD_MTL"", ""RouteFinder""]",[]
B,val_best,OVRPBTW,1000,0.512,0.913,0.997,10.4961724195483,0.461,0.913,0.999,10.5067767958638,RELD_MTL,-0.10092891970138185,1.1381076036779778,"[""MTPOMO"", ""MVMOE"", ""MoSES_CaDA"", ""MoSES_RF"", ""RELD_MOEL"", ""RELD_MTL"", ""RouteFinder""]",[],"[""MTPOMO"", ""MVMOE"", ""MoSES_CaDA"", ""MoSES_RF"", ""RELD_MOEL"", ""RELD_MTL"", ""RouteFinder""]",[]
B,val_best,OVRPLTW,1000,0.512,0.927,0.999,10.1274045310038,0.494,0.927,0.999,10.1272053890245,RELD_MTL,0.001966406048370395,0.8882053694017814,"[""MTPOMO"", ""MVMOE"", ""MoSES_CaDA"", ""MoSES_RF"", ""RELD_MOEL"", ""RELD_MTL"", ""RouteFinder""]",[],"[""MTPOMO"", ""MVMOE"", ""MoSES_CaDA"", ""MoSES_RF"", ""RELD_MOEL"", ""RouteFinder""]","[""RELD_MTL""]"
B,val_best,VRPBLTW,1000,0.432,0.791,0.927,18.94039231491171,0.347,0.662,0.798,19.5197782111173,RELD_MTL,-2.9681991769538008,1.6303439449614026,"[""MTPOMO"", ""MVMOE"", ""MoSES_CaDA"", ""MoSES_RF"", ""RELD_MOEL"", ""RELD_MTL"", ""RouteFinder""]",[],"[""MTPOMO"", ""MVMOE"", ""MoSES_CaDA"", ""MoSES_RF"", ""RELD_MOEL"", ""RELD_MTL"", ""RouteFinder""]",[]
B,val_best,OVRPBLTW,1000,0.511,0.92,0.999,10.527563171864,0.471,0.92,0.999,10.541174040316701,RELD_MTL,-0.1291209916527758,1.1245671810521027,"[""MTPOMO"", ""MVMOE"", ""MoSES_CaDA"", ""MoSES_RF"", ""RELD_MOEL"", ""RELD_MTL"", ""RouteFinder""]",[],"[""MTPOMO"", ""MVMOE"", ""MoSES_CaDA"", ""MoSES_RF"", ""RELD_MOEL"", ""RELD_MTL"", ""RouteFinder""]",[]
B,test,TSP,1000,0.368,0.609,0.739,8.045434573981172,0.132,0.288,0.402,8.082871796559921,DIFUSCO500,-0.46316734350138056,0.6612252669975083,"[""BQ"", ""DIFUSCO"", ""DIFUSCO500"", ""ELG"", ""LEHD"", ""OMNI"", ""T2T"", ""T2T500""]",[],"[""BQ"", ""DIFUSCO"", ""DIFUSCO500"", ""ELG"", ""LEHD"", ""OMNI"", ""T2T"", ""T2T500""]",[]
B,test,CVRP,1000,0.472,0.695,0.822,18.252667356490456,0.254,0.498,0.611,18.3323321843146,RELD_CVRP,-0.4345591549574146,0.6380151911277729,"[""BQ"", ""ELG"", ""ICAM"", ""LEHD"", ""MVMOE"", ""MoSES_CaDA"", ""MoSES_RF"", ""OMNI"", ""RELD_CVRP"", ""RouteFinder""]",[],"[""BQ"", ""ELG"", ""ICAM"", ""LEHD"", ""MVMOE"", ""MoSES_CaDA"", ""MoSES_RF"", ""OMNI"", ""RELD_CVRP"", ""RouteFinder""]",[]
B,test,ATSP,1000,0.773,0.962,0.995,1.6306736419200898,0.458,0.759,0.847,1.669679780125618,UNICO_MatPOENet,-2.33614485063679,0.3803231614183446,"[""GLOP"", ""ICAM_ATSP"", ""MATNET"", ""MATPOENET"", ""UNICO_MatPOENet""]",[],"[""GLOP"", ""ICAM_ATSP"", ""MATNET"", ""MATPOENET"", ""UNICO_MatPOENet""]",[]
B,test,OVRP,1000,0.364,0.64,0.834,7.462365693807569,0.317,0.636,0.83,7.469509294033051,MoSES_RF,-0.09563680751007997,0.7326948395367594,"[""MTPOMO"", ""MVMOE"", ""MoSES_CaDA"", ""MoSES_RF"", ""RELD_MOEL"", ""RELD_MTL"", ""RouteFinder""]",[],"[""MTPOMO"", ""MVMOE"", ""MoSES_CaDA"", ""MoSES_RF"", ""RELD_MOEL"", ""RELD_MTL"", ""RouteFinder""]",[]
B,test,VRPB,1000,0.486,0.919,0.989,9.2962051091191,0.483,0.918,0.94,9.295063437939502,RELD_MTL,0.012282553930065276,0.867915282450363,"[""MTPOMO"", ""MVMOE"", ""MoSES_CaDA"", ""MoSES_RF"", ""RELD_MOEL"", ""RELD_MTL"", ""RouteFinder""]",[],"[""MTPOMO"", ""MVMOE"", ""MoSES_CaDA"", ""MoSES_RF"", ""RELD_MOEL"", ""RouteFinder""]","[""RELD_MTL""]"
B,test,VRPL,1000,0.305,0.526,0.709,12.355737844944183,0.252,0.508,0.667,12.360694007396699,MoSES_CaDA,-0.04009615034196168,0.5005047330584264,"[""MTPOMO"", ""MVMOE"", ""MoSES_CaDA"", ""MoSES_RF"", ""RELD_MOEL"", ""RELD_MTL"", ""RouteFinder""]",[],"[""MTPOMO"", ""MVMOE"", ""MoSES_CaDA"", ""MoSES_RF"", ""RELD_MOEL"", ""RELD_MTL"", ""RouteFinder""]",[]
B,test,VRPTW,1000,0.425,0.745,0.916,17.659679220200168,0.188,0.426,0.667,18.43567556333542,MoSES_RF,-4.209210237342975,1.4221252884730424,"[""MTPOMO"", ""MVMOE"", ""MoSES_CaDA"", ""MoSES_RF"", ""RELD_MOEL"", ""RELD_MTL"", ""RouteFinder""]",[],"[""MTPOMO"", ""MVMOE"", ""MoSES_CaDA"", ""MoSES_RF"", ""RELD_MOEL"", ""RELD_MTL"", ""RouteFinder""]",[]
B,test,OVRPTW,1000,0.46,0.908,0.999,10.123045025347801,0.479,0.908,0.999,10.1232993459694,RELD_MTL,-0.0025122305772784514,0.9094289367089552,"[""MTPOMO"", ""MVMOE"", ""MoSES_CaDA"", ""MoSES_RF"", ""RELD_MOEL"", ""RouteFinder""]","[""RELD_MTL""]","[""MTPOMO"", ""MVMOE"", ""MoSES_CaDA"", ""MoSES_RF"", ""RELD_MOEL"", ""RELD_MTL"", ""RouteFinder""]",[]
B,test,OVRPB,1000,0.56,0.964,0.991,6.293458074571699,0.56,0.964,0.984,6.2963116486082,RELD_MTL,-0.0453213594840407,0.983494681084609,"[""MTPOMO"", ""MVMOE"", ""MoSES_CaDA"", ""MoSES_RF"", ""RELD_MOEL"", ""RouteFinder""]","[""RELD_MTL""]","[""MTPOMO"", ""MVMOE"", ""MoSES_CaDA"", ""MoSES_RF"", ""RELD_MOEL"", ""RELD_MTL"", ""RouteFinder""]",[]
B,test,OVRPL,1000,0.374,0.674,0.86,7.44389377808574,0.307,0.638,0.858,7.45365038561821,MoSES_RF,-0.13089703739385117,0.6851863527238526,"[""MTPOMO"", ""MVMOE"", ""MoSES_CaDA"", ""MoSES_RF"", ""RELD_MOEL"", ""RELD_MTL"", ""RouteFinder""]",[],"[""MTPOMO"", ""MVMOE"", ""MoSES_CaDA"", ""MoSES_RF"", ""RELD_MOEL"", ""RELD_MTL"", ""RouteFinder""]",[]
B,test,VRPBL,1000,0.552,0.938,0.99,9.245562464237398,0.537,0.939,0.952,9.249179500104201,RELD_MTL,-0.039106559308987876,0.7505109013379151,"[""MTPOMO"", ""MVMOE"", ""MoSES_CaDA"", ""MoSES_RF"", ""RELD_MOEL"", ""RELD_MTL"", ""RouteFinder""]",[],"[""MTPOMO"", ""MVMOE"", ""MoSES_CaDA"", ""MoSES_RF"", ""RELD_MOEL"", ""RELD_MTL"", ""RouteFinder""]",[]
B,test,VRPBTW,1000,0.445,0.782,0.935,18.98322228908525,0.357,0.654,0.751,19.526309038163,RELD_MTL,-2.7813077628563443,1.5527681964256308,"[""MTPOMO"", ""MVMOE"", ""MoSES_CaDA"", ""MoSES_RF"", ""RELD_MOEL"", ""RELD_MTL"", ""RouteFinder""]",[],"[""MTPOMO"", ""MVMOE"", ""MoSES_CaDA"", ""MoSES_RF"", ""RELD_MOEL"", ""RELD_MTL"", ""RouteFinder""]",[]
B,test,VRPLTW,1000,0.443,0.774,0.924,17.59965742874042,0.271,0.49,0.645,18.426861703871,RELD_MTL,-4.4891218506122765,1.3810502416019512,"[""MTPOMO"", ""MVMOE"", ""MoSES_CaDA"", ""MoSES_RF"", ""RELD_MOEL"", ""RELD_MTL"", ""RouteFinder""]",[],"[""MTPOMO"", ""MVMOE"", ""MoSES_CaDA"", ""MoSES_RF"", ""RELD_MOEL"", ""RELD_MTL"", ""RouteFinder""]",[]
B,test,OVRPBL,1000,0.575,0.971,0.993,6.2996599647986,0.544,0.971,0.98,6.306824829100299,RELD_MTL,-0.11360493585678144,0.9414853318667551,"[""MTPOMO"", ""MVMOE"", ""MoSES_CaDA"", ""MoSES_RF"", ""RELD_MOEL"", ""RELD_MTL"", ""RouteFinder""]",[],"[""MTPOMO"", ""MVMOE"", ""MoSES_CaDA"", ""MoSES_RF"", ""RELD_MOEL"", ""RELD_MTL"", ""RouteFinder""]",[]
B,test,OVRPBTW,1000,0.502,0.904,0.998,10.6084987740516,0.46,0.904,0.999,10.6089857211126,RELD_MTL,-0.004589949254341086,1.278772968272615,"[""MTPOMO"", ""MVMOE"", ""MoSES_CaDA"", ""MoSES_RF"", ""RELD_MOEL"", ""RELD_MTL"", ""RouteFinder""]",[],"[""MTPOMO"", ""MVMOE"", ""MoSES_CaDA"", ""MoSES_RF"", ""RELD_MOEL"", ""RELD_MTL"", ""RouteFinder""]",[]
B,test,OVRPLTW,1000,0.482,0.921,1.0,10.101599843026499,0.492,0.921,0.999,10.1036022171989,RELD_MTL,-0.01981841851406152,0.8670335733475333,"[""MTPOMO"", ""MVMOE"", ""MoSES_CaDA"", ""MoSES_RF"", ""RELD_MOEL"", ""RouteFinder""]","[""RELD_MTL""]","[""MTPOMO"", ""MVMOE"", ""MoSES_CaDA"", ""MoSES_RF"", ""RELD_MOEL"", ""RELD_MTL"", ""RouteFinder""]",[]
B,test,VRPBLTW,1000,0.463,0.793,0.924,19.06879789113951,0.352,0.647,0.78,19.676956634044704,RELD_MTL,-3.0907154709736373,1.563542109891795,"[""MTPOMO"", ""MVMOE"", ""MoSES_CaDA"", ""MoSES_RF"", ""RELD_MOEL"", ""RELD_MTL"", ""RouteFinder""]",[],"[""MTPOMO"", ""MVMOE"", ""MoSES_CaDA"", ""MoSES_RF"", ""RELD_MOEL"", ""RELD_MTL"", ""RouteFinder""]",[]
B,test,OVRPBLTW,1000,0.483,0.925,0.998,10.5943207573891,0.478,0.925,1.0,10.5927730689038,RELD_MTL,0.014610796202596532,1.2245804665271098,"[""MTPOMO"", ""MVMOE"", ""MoSES_CaDA"", ""MoSES_RF"", ""RELD_MOEL"", ""RELD_MTL"", ""RouteFinder""]",[],"[""MTPOMO"", ""MVMOE"", ""MoSES_CaDA"", ""MoSES_RF"", ""RELD_MOEL"", ""RouteFinder""]","[""RELD_MTL""]"
C,val_best,TSP,1000,0.373,0.618,0.76,7.914149148323389,0.167,0.283,0.392,7.957802834618703,T2T500,-0.5485645623865887,0.5683369478656508,"[""BQ"", ""DIFUSCO"", ""DIFUSCO500"", ""ELG"", ""LEHD"", ""OMNI"", ""T2T"", ""T2T500""]",[],"[""BQ"", ""DIFUSCO"", ""DIFUSCO500"", ""ELG"", ""LEHD"", ""OMNI"", ""T2T"", ""T2T500""]",[]
C,val_best,CVRP,1000,0.473,0.698,0.83,18.206244430541272,0.219,0.5,0.602,18.2943333024977,RELD_CVRP,-0.481509058022922,0.6963379195470355,"[""BQ"", ""ELG"", ""ICAM"", ""LEHD"", ""MVMOE"", ""MoSES_CaDA"", ""MoSES_RF"", ""OMNI"", ""RELD_CVRP"", ""RouteFinder""]",[],"[""BQ"", ""ELG"", ""ICAM"", ""LEHD"", ""MVMOE"", ""MoSES_CaDA"", ""MoSES_RF"", ""OMNI"", ""RELD_CVRP"", ""RouteFinder""]",[]
C,val_best,ATSP,1000,0.774,0.969,0.993,1.6359193547964097,0.48,0.782,0.858,1.6735241072177887,UNICO_MatPOENet,-2.247039780257265,0.3847269415611705,"[""GLOP"", ""ICAM_ATSP"", ""MATNET"", ""MATPOENET"", ""UNICO_MatPOENet""]",[],"[""GLOP"", ""ICAM_ATSP"", ""MATNET"", ""MATPOENET"", ""UNICO_MatPOENet""]",[]
C,val_best,OVRP,1000,0.379,0.655,0.841,7.452538065671857,0.302,0.628,0.841,7.461659968614578,MoSES_RF,-0.12225031670016762,0.6762664577191767,"[""MTPOMO"", ""MVMOE"", ""MoSES_CaDA"", ""MoSES_RF"", ""RELD_MOEL"", ""RELD_MTL"", ""RouteFinder""]",[],"[""MTPOMO"", ""MVMOE"", ""MoSES_CaDA"", ""MoSES_RF"", ""RELD_MOEL"", ""RELD_MTL"", ""RouteFinder""]",[]
C,val_best,VRPB,1000,0.548,0.917,0.997,9.3324689826977,0.504,0.917,0.934,9.340268511773099,RELD_MTL,-0.08350433465127427,0.6940914999452985,"[""MTPOMO"", ""MVMOE"", ""MoSES_CaDA"", ""MoSES_RF"", ""RELD_MOEL"", ""RELD_MTL"", ""RouteFinder""]",[],"[""MTPOMO"", ""MVMOE"", ""MoSES_CaDA"", ""MoSES_RF"", ""RELD_MOEL"", ""RELD_MTL"", ""RouteFinder""]",[]
C,val_best,VRPL,1000,0.332,0.585,0.731,12.401025389194396,0.283,0.559,0.728,12.407212627887725,MoSES_CaDA,-0.04986807979272534,0.4614039581397568,"[""MTPOMO"", ""MVMOE"", ""MoSES_CaDA"", ""MoSES_RF"", ""RELD_MOEL"", ""RELD_MTL"", ""RouteFinder""]",[],"[""MTPOMO"", ""MVMOE"", ""MoSES_CaDA"", ""MoSES_RF"", ""RELD_MOEL"", ""RELD_MTL"", ""RouteFinder""]",[]
C,val_best,VRPTW,1000,0.445,0.751,0.93,17.903342748166047,0.169,0.319,0.555,18.65708061981201,MoSES_RF,-4.039956127142242,1.4754280417261567,"[""MTPOMO"", ""MVMOE"", ""MoSES_CaDA"", ""MoSES_RF"", ""RELD_MOEL"", ""RELD_MTL"", ""RouteFinder""]",[],"[""MTPOMO"", ""MVMOE"", ""MoSES_CaDA"", ""MoSES_RF"", ""RELD_MOEL"", ""RELD_MTL"", ""RouteFinder""]",[]
C,val_best,OVRPTW,1000,0.508,0.933,1.0,10.043042199134899,0.476,0.933,0.999,10.0484350333218,RELD_MTL,-0.05366839880058816,0.8646261803427765,"[""MTPOMO"", ""MVMOE"", ""MoSES_CaDA"", ""MoSES_RF"", ""RELD_MOEL"", ""RELD_MTL"", ""RouteFinder""]",[],"[""MTPOMO"", ""MVMOE"", ""MoSES_CaDA"", ""MoSES_RF"", ""RELD_MOEL"", ""RELD_MTL"", ""RouteFinder""]",[]
C,val_best,OVRPB,1000,0.581,0.968,0.986,6.3172528803334,0.545,0.968,0.982,6.3219805679320995,RELD_MTL,-0.07478174834451012,0.9149810663227604,"[""MTPOMO"", ""MVMOE"", ""MoSES_CaDA"", ""MoSES_RF"", ""RELD_MOEL"", ""RELD_MTL"", ""RouteFinder""]",[],"[""MTPOMO"", ""MVMOE"", ""MoSES_CaDA"", ""MoSES_RF"", ""RELD_MOEL"", ""RELD_MTL"", ""RouteFinder""]",[]
C,val_best,OVRPL,1000,0.398,0.686,0.858,7.430339812278655,0.334,0.667,0.861,7.437561680555343,MoSES_RF,-0.09709994467096417,0.6978339423015163,"[""MTPOMO"", ""MVMOE"", ""MoSES_CaDA"", ""MoSES_RF"", ""RELD_MOEL"", ""RELD_MTL"", ""RouteFinder""]",[],"[""MTPOMO"", ""MVMOE"", ""MoSES_CaDA"", ""MoSES_RF"", ""RELD_MOEL"", ""RELD_MTL"", ""RouteFinder""]",[]
C,val_best,VRPBL,1000,0.544,0.915,0.989,9.3543655290587,0.528,0.914,0.935,9.3592684750534,RELD_MTL,-0.0523859958475148,0.7629829106072104,"[""MTPOMO"", ""MVMOE"", ""MoSES_CaDA"", ""MoSES_RF"", ""RELD_MOEL"", ""RELD_MTL"", ""RouteFinder""]",[],"[""MTPOMO"", ""MVMOE"", ""MoSES_CaDA"", ""MoSES_RF"", ""RELD_MOEL"", ""RELD_MTL"", ""RouteFinder""]",[]
C,val_best,VRPBTW,1000,0.452,0.815,0.929,19.025164278983322,0.372,0.673,0.753,19.669740455628002,RELD_MTL,-3.276993807308981,1.5679198879546308,"[""MTPOMO"", ""MVMOE"", ""MoSES_CaDA"", ""MoSES_RF"", ""RELD_MOEL"", ""RELD_MTL"", ""RouteFinder""]",[],"[""MTPOMO"", ""MVMOE"", ""MoSES_CaDA"", ""MoSES_RF"", ""RELD_MOEL"", ""RELD_MTL"", ""RouteFinder""]",[]
C,val_best,VRPLTW,1000,0.459,0.805,0.937,17.623895762443848,0.149,0.406,0.524,18.509148851394652,RouteFinder,-4.782786588720434,1.2694453135539334,"[""MTPOMO"", ""MVMOE"", ""MoSES_CaDA"", ""MoSES_RF"", ""RELD_MOEL"", ""RELD_MTL"", ""RouteFinder""]",[],"[""MTPOMO"", ""MVMOE"", ""MoSES_CaDA"", ""MoSES_RF"", ""RELD_MOEL"", ""RELD_MTL"", ""RouteFinder""]",[]
C,val_best,OVRPBL,1000,0.577,0.955,0.986,6.302622696638,0.555,0.955,0.979,6.310259730338401,RELD_MTL,-0.12102566339200482,0.9256266136273288,"[""MTPOMO"", ""MVMOE"", ""MoSES_CaDA"", ""MoSES_RF"", ""RELD_MOEL"", ""RELD_MTL"", ""RouteFinder""]",[],"[""MTPOMO"", ""MVMOE"", ""MoSES_CaDA"", ""MoSES_RF"", ""RELD_MOEL"", ""RELD_MTL"", ""RouteFinder""]",[]
C,val_best,OVRPBTW,1000,0.505,0.913,0.997,10.494854012489,0.461,0.913,0.999,10.5067767958638,RELD_MTL,-0.11347707871259827,1.1450540708870134,"[""MTPOMO"", ""MVMOE"", ""MoSES_CaDA"", ""MoSES_RF"", ""RELD_MOEL"", ""RELD_MTL"", ""RouteFinder""]",[],"[""MTPOMO"", ""MVMOE"", ""MoSES_CaDA"", ""MoSES_RF"", ""RELD_MOEL"", ""RELD_MTL"", ""RouteFinder""]",[]
C,val_best,OVRPLTW,1000,0.524,0.927,1.0,10.1224719939254,0.494,0.927,0.999,10.1272053890245,RELD_MTL,-0.0467394006270494,0.8394842687013263,"[""MTPOMO"", ""MVMOE"", ""MoSES_CaDA"", ""MoSES_RF"", ""RELD_MOEL"", ""RELD_MTL"", ""RouteFinder""]",[],"[""MTPOMO"", ""MVMOE"", ""MoSES_CaDA"", ""MoSES_RF"", ""RELD_MOEL"", ""RELD_MTL"", ""RouteFinder""]",[]
C,val_best,VRPBLTW,1000,0.442,0.783,0.932,18.940324473381807,0.347,0.662,0.798,19.5197782111173,RELD_MTL,-2.968546729723953,1.6475505569589537,"[""MTPOMO"", ""MVMOE"", ""MoSES_CaDA"", ""MoSES_RF"", ""RELD_MOEL"", ""RELD_MTL"", ""RouteFinder""]",[],"[""MTPOMO"", ""MVMOE"", ""MoSES_CaDA"", ""MoSES_RF"", ""RELD_MOEL"", ""RELD_MTL"", ""RouteFinder""]",[]
C,val_best,OVRPBLTW,1000,0.503,0.92,0.999,10.5289353160866,0.471,0.92,0.999,10.541174040316701,RELD_MTL,-0.11610399546855277,1.1409582752525707,"[""MTPOMO"", ""MVMOE"", ""MoSES_CaDA"", ""MoSES_RF"", ""RELD_MOEL"", ""RELD_MTL"", ""RouteFinder""]",[],"[""MTPOMO"", ""MVMOE"", ""MoSES_CaDA"", ""MoSES_RF"", ""RELD_MOEL"", ""RELD_MTL"", ""RouteFinder""]",[]
C,test,TSP,1000,0.368,0.616,0.747,8.04405618429639,0.132,0.288,0.402,8.082871796559921,DIFUSCO500,-0.48022056071769237,0.6465151532793608,"[""BQ"", ""DIFUSCO"", ""DIFUSCO500"", ""ELG"", ""LEHD"", ""OMNI"", ""T2T"", ""T2T500""]",[],"[""BQ"", ""DIFUSCO"", ""DIFUSCO500"", ""ELG"", ""LEHD"", ""OMNI"", ""T2T"", ""T2T500""]",[]
C,test,CVRP,1000,0.466,0.695,0.82,18.253877998351253,0.254,0.498,0.611,18.3323321843146,RELD_CVRP,-0.42795529327398496,0.6604064284215104,"[""BQ"", ""ELG"", ""ICAM"", ""LEHD"", ""MVMOE"", ""MoSES_CaDA"", ""MoSES_RF"", ""OMNI"", ""RELD_CVRP"", ""RouteFinder""]",[],"[""BQ"", ""ELG"", ""ICAM"", ""LEHD"", ""MVMOE"", ""MoSES_CaDA"", ""MoSES_RF"", ""OMNI"", ""RELD_CVRP"", ""RouteFinder""]",[]
C,test,ATSP,1000,0.764,0.963,0.992,1.6327080982923508,0.458,0.759,0.847,1.669679780125618,UNICO_MatPOENet,-2.2142977517812246,0.5129493465350898,"[""GLOP"", ""ICAM_ATSP"", ""MATNET"", ""MATPOENET"", ""UNICO_MatPOENet""]",[],"[""GLOP"", ""ICAM_ATSP"", ""MATNET"", ""MATPOENET"", ""UNICO_MatPOENet""]",[]
C,test,OVRP,1000,0.366,0.65,0.839,7.4634263460636605,0.317,0.636,0.83,7.469509294033051,MoSES_RF,-0.08143704934204798,0.7501851591116938,"[""MTPOMO"", ""MVMOE"", ""MoSES_CaDA"", ""MoSES_RF"", ""RELD_MOEL"", ""RELD_MTL"", ""RouteFinder""]",[],"[""MTPOMO"", ""MVMOE"", ""MoSES_CaDA"", ""MoSES_RF"", ""RELD_MOEL"", ""RELD_MTL"", ""RouteFinder""]",[]
C,test,VRPB,1000,0.5,0.918,0.988,9.293217483520198,0.483,0.918,0.94,9.295063437939502,RELD_MTL,-0.019859513941233864,0.8288750402676306,"[""MTPOMO"", ""MVMOE"", ""MoSES_CaDA"", ""MoSES_RF"", ""RELD_MOEL"", ""RELD_MTL"", ""RouteFinder""]",[],"[""MTPOMO"", ""MVMOE"", ""MoSES_CaDA"", ""MoSES_RF"", ""RELD_MOEL"", ""RELD_MTL"", ""RouteFinder""]",[]
C,test,VRPL,1000,0.31,0.535,0.699,12.35476541185379,0.252,0.508,0.667,12.360694007396699,MoSES_CaDA,-0.04796329024373547,0.4949325265387456,"[""MTPOMO"", ""MVMOE"", ""MoSES_CaDA"", ""MoSES_RF"", ""RELD_MOEL"", ""RELD_MTL"", ""RouteFinder""]",[],"[""MTPOMO"", ""MVMOE"", ""MoSES_CaDA"", ""MoSES_RF"", ""RELD_MOEL"", ""RELD_MTL"", ""RouteFinder""]",[]
C,test,VRPTW,1000,0.431,0.756,0.918,17.662570929528112,0.188,0.426,0.667,18.43567556333542,MoSES_RF,-4.193524838031138,1.4284230722357825,"[""MTPOMO"", ""MVMOE"", ""MoSES_CaDA"", ""MoSES_RF"", ""RELD_MOEL"", ""RELD_MTL"", ""RouteFinder""]",[],"[""MTPOMO"", ""MVMOE"", ""MoSES_CaDA"", ""MoSES_RF"", ""RELD_MOEL"", ""RELD_MTL"", ""RouteFinder""]",[]
C,test,OVRPTW,1000,0.494,0.908,0.999,10.116435460090099,0.479,0.908,0.999,10.1232993459694,RELD_MTL,-0.06780285403724662,0.8297661669308933,"[""MTPOMO"", ""MVMOE"", ""MoSES_CaDA"", ""MoSES_RF"", ""RELD_MOEL"", ""RELD_MTL"", ""RouteFinder""]",[],"[""MTPOMO"", ""MVMOE"", ""MoSES_CaDA"", ""MoSES_RF"", ""RELD_MOEL"", ""RELD_MTL"", ""RouteFinder""]",[]
C,test,OVRPB,1000,0.559,0.964,0.991,6.2940479769725,0.56,0.964,0.984,6.2963116486082,RELD_MTL,-0.03595234419822013,0.9912224247605136,"[""MTPOMO"", ""MVMOE"", ""MoSES_CaDA"", ""MoSES_RF"", ""RELD_MOEL"", ""RouteFinder""]","[""RELD_MTL""]","[""MTPOMO"", ""MVMOE"", ""MoSES_CaDA"", ""MoSES_RF"", ""RELD_MOEL"", ""RELD_MTL"", ""RouteFinder""]",[]
C,test,OVRPL,1000,0.374,0.681,0.859,7.446337803125466,0.307,0.638,0.858,7.45365038561821,MoSES_RF,-0.09810739858221451,0.7226452668179857,"[""MTPOMO"", ""MVMOE"", ""MoSES_CaDA"", ""MoSES_RF"", ""RELD_MOEL"", ""RELD_MTL"", ""RouteFinder""]",[],"[""MTPOMO"", ""MVMOE"", ""MoSES_CaDA"", ""MoSES_RF"", ""RELD_MOEL"", ""RELD_MTL"", ""RouteFinder""]",[]
C,test,VRPBL,1000,0.549,0.939,0.991,9.247673518180902,0.537,0.939,0.952,9.249179500104201,RELD_MTL,-0.0162823299437842,0.7655101830868255,"[""MTPOMO"", ""MVMOE"", ""MoSES_CaDA"", ""MoSES_RF"", ""RELD_MOEL"", ""RELD_MTL"", ""RouteFinder""]",[],"[""MTPOMO"", ""MVMOE"", ""MoSES_CaDA"", ""MoSES_RF"", ""RELD_MOEL"", ""RELD_MTL"", ""RouteFinder""]",[]
C,test,VRPBTW,1000,0.449,0.778,0.935,18.977300158501492,0.357,0.654,0.751,19.526309038163,RELD_MTL,-2.8116367439873113,1.5184040746668286,"[""MTPOMO"", ""MVMOE"", ""MoSES_CaDA"", ""MoSES_RF"", ""RELD_MOEL"", ""RELD_MTL"", ""RouteFinder""]",[],"[""MTPOMO"", ""MVMOE"", ""MoSES_CaDA"", ""MoSES_RF"", ""RELD_MOEL"", ""RELD_MTL"", ""RouteFinder""]",[]
C,test,VRPLTW,1000,0.451,0.78,0.922,17.61875963973863,0.271,0.49,0.645,18.426861703871,RELD_MTL,-4.385456824493394,1.4679421966651924,"[""MTPOMO"", ""MVMOE"", ""MoSES_CaDA"", ""MoSES_RF"", ""RELD_MOEL"", ""RELD_MTL"", ""RouteFinder""]",[],"[""MTPOMO"", ""MVMOE"", ""MoSES_CaDA"", ""MoSES_RF"", ""RELD_MOEL"", ""RELD_MTL"", ""RouteFinder""]",[]
C,test,OVRPBL,1000,0.578,0.971,0.991,6.2999673686016,0.544,0.971,0.98,6.306824829100299,RELD_MTL,-0.10873079060415014,0.9347483583542763,"[""MTPOMO"", ""MVMOE"", ""MoSES_CaDA"", ""MoSES_RF"", ""RELD_MOEL"", ""RELD_MTL"", ""RouteFinder""]",[],"[""MTPOMO"", ""MVMOE"", ""MoSES_CaDA"", ""MoSES_RF"", ""RELD_MOEL"", ""RELD_MTL"", ""RouteFinder""]",[]
C,test,OVRPBTW,1000,0.494,0.903,0.997,10.6094848384863,0.46,0.904,0.999,10.6089857211126,RELD_MTL,0.004704666278376735,1.2923207883572763,"[""MTPOMO"", ""MVMOE"", ""MoSES_CaDA"", ""MoSES_RF"", ""RELD_MOEL"", ""RELD_MTL"", ""RouteFinder""]",[],"[""MTPOMO"", ""MVMOE"", ""MoSES_CaDA"", ""MoSES_RF"", ""RELD_MOEL"", ""RouteFinder""]","[""RELD_MTL""]"
C,test,OVRPLTW,1000,0.502,0.921,1.0,10.096603639128002,0.492,0.921,0.999,10.1036022171989,RELD_MTL,-0.06926814734435904,0.812800324695787,"[""MTPOMO"", ""MVMOE"", ""MoSES_CaDA"", ""MoSES_RF"", ""RELD_MOEL"", ""RELD_MTL"", ""RouteFinder""]",[],"[""MTPOMO"", ""MVMOE"", ""MoSES_CaDA"", ""MoSES_RF"", ""RELD_MOEL"", ""RELD_MTL"", ""RouteFinder""]",[]
C,test,VRPBLTW,1000,0.458,0.791,0.931,19.066626351832678,0.352,0.647,0.78,19.676956634044704,RELD_MTL,-3.101751422046861,1.5616056000502636,"[""MTPOMO"", ""MVMOE"", ""MoSES_CaDA"", ""MoSES_RF"", ""RELD_MOEL"", ""RELD_MTL"", ""RouteFinder""]",[],"[""MTPOMO"", ""MVMOE"", ""MoSES_CaDA"", ""MoSES_RF"", ""RELD_MOEL"", ""RELD_MTL"", ""RouteFinder""]",[]
C,test,OVRPBLTW,1000,0.494,0.925,0.999,10.5940070576666,0.478,0.925,1.0,10.5927730689038,RELD_MTL,0.011649345782949183,1.2077712826455436,"[""MTPOMO"", ""MVMOE"", ""MoSES_CaDA"", ""MoSES_RF"", ""RELD_MOEL"", ""RELD_MTL"", ""RouteFinder""]",[],"[""MTPOMO"", ""MVMOE"", ""MoSES_CaDA"", ""MoSES_RF"", ""RELD_MOEL"", ""RouteFinder""]","[""RELD_MTL""]"
