before,after,problem,category,n,mean_cost_delta,actual_regret_delta_pct
R45A,R46A,TSP,corrected,64,-0.004848745307942315,-0.06537879357893385
R45A,R46A,TSP,harmed,90,0.008271290378691655,0.1020466995624763
R45A,R46A,TSP,both_wrong_cheaper,74,-0.004961457626844595,-0.06925309822733976
R45A,R46A,TSP,both_wrong_dearer,93,0.006259682528259884,0.08703460267510217
R45A,R46A,TSP,both_wrong_equal,0,0.0,0.0
R45A,R46A,TSP,all,1000,0.004720769972164629,0.054449410431304864
R45A,R46A,CVRP,corrected,42,-0.007071084976092,-0.050685811978067055
R45A,R46A,CVRP,harmed,51,0.012509312629480376,0.0857844789575779
R45A,R46A,CVRP,both_wrong_cheaper,45,-0.00518499660507139,-0.03809997340868487
R45A,R46A,CVRP,both_wrong_dearer,40,0.007121465683056305,0.050389252345719025
R45A,R46A,CVRP,both_wrong_equal,0,0.0,0.0
R45A,R46A,CVRP,all,1000,0.00737469673137329,0.04738794591654502
R45A,R46A,ATSP,corrected,5,-0.00018431210517883302,-0.01062862605781084
R45A,R46A,ATSP,harmed,12,0.0003460123538970947,0.02009631999471791
R45A,R46A,ATSP,both_wrong_cheaper,0,0.0,0.0
R45A,R46A,ATSP,both_wrong_dearer,0,0.0,0.0
R45A,R46A,ATSP,both_wrong_equal,0,0.0,0.0
R45A,R46A,ATSP,all,1000,0.00016170024871826173,0.009467693936907067
R45A,R46A,OVRP,corrected,58,-0.004999956607856689,-0.06821682896313803
R45A,R46A,OVRP,harmed,61,0.005350236415912744,0.07835208218107129
R45A,R46A,OVRP,both_wrong_cheaper,49,-0.0030085544587247063,-0.04087982311558839
R45A,R46A,OVRP,both_wrong_dearer,36,0.0026914567947387696,0.037957540649526014
R45A,R46A,OVRP,both_wrong_equal,0,0.0,0.0
R45A,R46A,OVRP,all,1000,3.318214407011766e-05,0.007212970751870854
R45A,R46A,VRPB,corrected,35,-0.007105264663800001,-0.07767860449542763
R45A,R46A,VRPB,harmed,43,0.007263271331600001,0.079651298662818
R45A,R46A,VRPB,both_wrong_cheaper,3,-0.0006133370399000002,-0.006429091800402403
R45A,R46A,VRPB,both_wrong_dearer,2,0.00023138713840000058,0.0029050233046496606
R45A,R46A,VRPB,both_wrong_equal,0,0.0,0.0
R45A,R46A,VRPB,all,1000,-0.00022394323369999912,-0.0015513743283623442
R45A,R46A,VRPL,corrected,42,-0.004341479301647365,-0.03717868371762004
R45A,R46A,VRPL,harmed,53,0.005870706558214847,0.04940166170084246
R45A,R46A,VRPL,both_wrong_cheaper,42,-0.003408699035719437,-0.02878141554924773
R45A,R46A,VRPL,both_wrong_dearer,58,0.004713600158734373,0.0406419223478509
R45A,R46A,VRPL,both_wrong_equal,0,0.0,0.0
R45A,R46A,VRPL,all,1000,0.0028341283795824184,0.024083484781825596
R45A,R46A,VRPTW,corrected,69,-0.035936642646901384,-0.21834353101223042
R45A,R46A,VRPTW,harmed,54,0.022793010711328124,0.14382904699382035
R45A,R46A,VRPTW,both_wrong_cheaper,23,-0.004844921112197555,-0.029627389656940104
R45A,R46A,VRPTW,both_wrong_dearer,26,0.006412439346414548,0.03448415754845812
R45A,R46A,VRPTW,both_wrong_equal,0,0.0,0.0
R45A,R46A,VRPTW,all,1000,-0.011576113701356269,-0.06965771612689199
R45A,R46A,OVRPTW,corrected,66,-0.012396945476299997,-0.12872926966848636
R45A,R46A,OVRPTW,harmed,73,0.015590418815199996,0.15807517497999332
R45A,R46A,OVRPTW,both_wrong_cheaper,4,-0.00021923065189999847,-0.0019321197820109407
R45A,R46A,OVRPTW,both_wrong_dearer,12,0.0011509532928999997,0.010746834702394112
R45A,R46A,OVRPTW,both_wrong_equal,0,0.0,0.0
R45A,R46A,OVRPTW,all,1000,0.004125195979899999,0.03816062023189012
R45A,R46A,OVRPB,corrected,71,-0.010027462244200001,-0.15832121103252733
R45A,R46A,OVRPB,harmed,42,0.004645534277100007,0.07190817699031689
R45A,R46A,OVRPB,both_wrong_cheaper,3,-0.00011013221749999946,-0.001646318559899262
R45A,R46A,OVRPB,both_wrong_dearer,2,4.89993094999992e-05,0.0007609257646228956
R45A,R46A,OVRPB,both_wrong_equal,0,0.0,0.0
R45A,R46A,OVRPB,all,1000,-0.0054430608750999955,-0.08729842683748681
R45A,R46A,OVRPL,corrected,56,-0.004849389553058692,-0.06608865073208058
R45A,R46A,OVRPL,harmed,61,0.005254817962683984,0.07449399301851777
R45A,R46A,OVRPL,both_wrong_cheaper,29,-0.0024531474113295895,-0.036649195562531794
R45A,R46A,OVRPL,both_wrong_dearer,31,0.0022696175575350583,0.03250718266291525
R45A,R46A,OVRPL,both_wrong_equal,0,0.0,0.0
R45A,R46A,OVRPL,all,1000,0.00022189855583076135,0.004263329386820655
R45A,R46A,VRPBL,corrected,54,-0.008301753043900004,-0.0939874151965392
R45A,R46A,VRPBL,harmed,57,0.0096868505473,0.10865763115726323
R45A,R46A,VRPBL,both_wrong_cheaper,6,-0.00038383913040000196,-0.00458104436867002
R45A,R46A,VRPBL,both_wrong_dearer,6,0.002137102127200002,0.02150390870284961
R45A,R46A,VRPBL,both_wrong_equal,0,0.0,0.0
R45A,R46A,VRPBL,all,1000,0.0031383605001999984,0.031593080294903604
R45A,R46A,VRPBTW,corrected,63,-0.026983924866160445,-0.15054446144169345
R45A,R46A,VRPBTW,harmed,89,0.0516380796427171,0.2795808232074691
R45A,R46A,VRPBTW,both_wrong_cheaper,29,-0.011542513847289937,-0.057821106133863646
R45A,R46A,VRPBTW,both_wrong_dearer,30,0.010114895820573244,0.056174199251589806
R45A,R46A,VRPBTW,both_wrong_equal,0,0.0,0.0
R45A,R46A,VRPBTW,all,1000,0.023226536749839967,0.1273894548835018
R45A,R46A,VRPLTW,corrected,75,-0.027053791046891207,-0.16310785369034436
R45A,R46A,VRPLTW,harmed,63,0.029336221694984867,0.17327158571073398
R45A,R46A,VRPLTW,both_wrong_cheaper,23,-0.0177985916137042,-0.08628142265273854
R45A,R46A,VRPLTW,both_wrong_dearer,35,0.01386493873615391,0.08482550071356502
R45A,R46A,VRPLTW,both_wrong_equal,0,0.0,0.0
R45A,R46A,VRPLTW,all,1000,-0.0016512222294566231,0.008707810081216094
R45A,R46A,OVRPBL,corrected,52,-0.009570673227400003,-0.1584093013340406
R45A,R46A,OVRPBL,harmed,50,0.006733921050899997,0.10248932876325385
R45A,R46A,OVRPBL,both_wrong_cheaper,1,-9.070301059999952e-05,-0.0016495429332776214
R45A,R46A,OVRPBL,both_wrong_dearer,0,0.0,0.0
R45A,R46A,OVRPBL,both_wrong_equal,0,0.0,0.0
R45A,R46A,OVRPBL,all,1000,-0.0029274551871000054,-0.057569515504064375
R45A,R46A,OVRPBTW,corrected,70,-0.019155182362200016,-0.17726961998288057
R45A,R46A,OVRPBTW,harmed,64,0.0157570233345,0.1606760215038626
R45A,R46A,OVRPBTW,both_wrong_cheaper,9,-0.0011201505661999978,-0.009203133524085153
R45A,R46A,OVRPBTW,both_wrong_dearer,7,0.000995940208399995,0.006146691469444932
R45A,R46A,OVRPBTW,both_wrong_equal,0,0.0,0.0
R45A,R46A,OVRPBTW,all,1000,-0.003522369385500017,-0.01965004053365819
R45A,R46A,OVRPLTW,corrected,69,-0.012433636188300007,-0.1234661174526019
R45A,R46A,OVRPLTW,harmed,63,0.011205631732800005,0.1076272887829646
R45A,R46A,OVRPLTW,both_wrong_cheaper,4,-0.0006367845533999983,-0.004816645526512896
R45A,R46A,OVRPLTW,both_wrong_dearer,9,0.0011302585600999997,0.012352841056527921
R45A,R46A,OVRPLTW,both_wrong_equal,0,0.0,0.0
R45A,R46A,OVRPLTW,all,1000,-0.0007345304487999984,-0.008302633139622253
R45A,R46A,VRPBLTW,corrected,77,-0.04108678436336669,-0.22163032586115972
R45A,R46A,VRPBLTW,harmed,65,0.029053680419466602,0.1685979027680166
R45A,R46A,VRPBLTW,both_wrong_cheaper,20,-0.010537418365534476,-0.057415345614510456
R45A,R46A,VRPBLTW,both_wrong_dearer,33,0.016127269744692772,0.09338567595529051
R45A,R46A,VRPBLTW,both_wrong_equal,0,0.0,0.0
R45A,R46A,VRPBLTW,all,1000,-0.006443252564741792,-0.0170620927523631
R45A,R46A,OVRPBLTW,corrected,66,-0.016185552119700006,-0.15555265031156998
R45A,R46A,OVRPBLTW,harmed,71,0.017863032340500004,0.17955464219402936
R45A,R46A,OVRPBLTW,both_wrong_cheaper,6,-0.0007309112550000015,-0.006033249612763934
R45A,R46A,OVRPBLTW,both_wrong_dearer,6,0.0004709501266,0.004408333011956412
R45A,R46A,OVRPBLTW,both_wrong_equal,0,0.0,0.0
R45A,R46A,OVRPBLTW,all,1000,0.0014175190923999947,0.022377075281651844
R45A,R46A,ALL,corrected,1034,-0.01402958778338309,-0.11806765313928623
R45A,R46A,ALL,harmed,1062,0.01439828067762652,0.11911634206276364
R45A,R46A,ALL,both_wrong_cheaper,370,-0.0037580771389619932,-0.02672777311272597
R45A,R46A,ALL,both_wrong_dearer,426,0.004207830951847715,0.03201247734235903
R45A,R46A,ALL,both_wrong_equal,0,0.0,0.0
R45A,R46A,ALL,all,18000,0.0008184467071291521,0.006333393153110471
R45B,R46A,TSP,corrected,58,-0.0049016585858533065,-0.06376188232251674
R45B,R46A,TSP,harmed,93,0.008936898173780388,0.11153206020405615
R45B,R46A,TSP,both_wrong_cheaper,72,-0.0050436582132583055,-0.069734807116383
R45B,R46A,TSP,both_wrong_dearer,73,0.004801874880863782,0.06558488613696917
R45B,R46A,TSP,both_wrong_equal,0,0.0,0.0
R45B,R46A,TSP,all,1000,0.0037934562555325575,0.043620256902125586
R45B,R46A,CVRP,corrected,54,-0.012007365703556596,-0.0900972231845697
R45B,R46A,CVRP,harmed,54,0.010007024764855762,0.07630291538768678
R45B,R46A,CVRP,both_wrong_cheaper,42,-0.005902277946493363,-0.03922093551744686
R45B,R46A,CVRP,both_wrong_dearer,51,0.010554949760449564,0.07622001130603505
R45B,R46A,CVRP,both_wrong_equal,0,0.0,0.0
R45B,R46A,CVRP,all,1000,0.002652330875255366,0.023204767991705247
R45B,R46A,ATSP,corrected,13,-0.0011518518924713134,-0.07416724047741234
R45B,R46A,ATSP,harmed,18,0.0005161397457122803,0.030688290157990777
R45B,R46A,ATSP,both_wrong_cheaper,0,0.0,0.0
R45B,R46A,ATSP,both_wrong_dearer,0,0.0,0.0
R45B,R46A,ATSP,both_wrong_equal,0,0.0,0.0
R45B,R46A,ATSP,all,1000,-0.0006357121467590332,-0.04347895031942157
R45B,R46A,OVRP,corrected,63,-0.0054218130112075194,-0.07325865334836736
R45B,R46A,OVRP,harmed,56,0.003967579364826318,0.056741557793876234
R45B,R46A,OVRP,both_wrong_cheaper,41,-0.002689701080323584,-0.037592204702687634
R45B,R46A,OVRP,both_wrong_dearer,44,0.0029168300628889645,0.04164251141350873
R45B,R46A,OVRP,both_wrong_equal,0,0.0,0.0
R45B,R46A,OVRP,all,1000,-0.0012271046638158208,-0.012466788843670064
R45B,R46A,VRPB,corrected,59,-0.013721460819100003,-0.15343934754377758
R45B,R46A,VRPB,harmed,36,0.005127462387100005,0.05572041044582133
R45B,R46A,VRPB,both_wrong_cheaper,6,-0.0006257157325000025,-0.006475272065399139
R45B,R46A,VRPB,both_wrong_dearer,2,0.00023022174839999998,0.002876324361240901
R45B,R46A,VRPB,both_wrong_equal,0,0.0,0.0
R45B,R46A,VRPB,all,1000,-0.008989492416100002,-0.10131788480211446
R45B,R46A,VRPL,corrected,46,-0.00506686115296953,-0.04297204782889624
R45B,R46A,VRPL,harmed,60,0.0069287757872208075,0.057222196194928944
R45B,R46A,VRPL,both_wrong_cheaper,62,-0.005283609390236333,-0.042060512531875136
R45B,R46A,VRPL,both_wrong_dearer,64,0.005125652313247944,0.043994054654193385
R45B,R46A,VRPL,both_wrong_equal,0,0.0,0.0
R45B,R46A,VRPL,all,1000,0.0017039575572628891,0.016183690488350926
R45B,R46A,VRPTW,corrected,94,-0.05638275718722355,-0.3308053279481146
R45B,R46A,VRPTW,harmed,69,0.03379058170307255,0.2061708059541961
R45B,R46A,VRPTW,both_wrong_cheaper,27,-0.006888370514035924,-0.04156626867342561
R45B,R46A,VRPTW,both_wrong_dearer,36,0.01592934417737382,0.08633010098219038
R45B,R46A,VRPTW,both_wrong_equal,0,0.0,0.0
R45B,R46A,VRPTW,all,1000,-0.013551201820813114,-0.07987068968515383
R45B,R46A,OVRPTW,corrected,85,-0.016547843456600007,-0.17538189007482502
R45B,R46A,OVRPTW,harmed,61,0.011087877273099999,0.11748975868415938
R45B,R46A,OVRPTW,both_wrong_cheaper,6,-0.0005238275526999984,-0.004613041456212393
R45B,R46A,OVRPTW,both_wrong_dearer,8,0.0010857267381,0.010236063950377133
R45B,R46A,OVRPTW,both_wrong_equal,0,0.0,0.0
R45B,R46A,OVRPTW,all,1000,-0.004898066998100006,-0.05226910889650085
R45B,R46A,OVRPB,corrected,61,-0.009389518261400005,-0.14214037233547513
R45B,R46A,OVRPB,harmed,41,0.006324120521700007,0.10007307226809906
R45B,R46A,OVRPB,both_wrong_cheaper,2,-0.00010721397409999956,-0.001609603858668164
R45B,R46A,OVRPB,both_wrong_dearer,2,4.89993094999992e-05,0.0007609257646228956
R45B,R46A,OVRPB,both_wrong_equal,0,0.0,0.0
R45B,R46A,OVRPB,all,1000,-0.003123612404299996,-0.042915978161421314
R45B,R46A,OVRPL,corrected,52,-0.0035666275024035647,-0.04904743422184788
R45B,R46A,OVRPL,harmed,61,0.0050548467636108395,0.06832902427581167
R45B,R46A,OVRPL,both_wrong_cheaper,43,-0.002860968589728369,-0.04216347453219176
R45B,R46A,OVRPL,both_wrong_dearer,38,0.002569955825805664,0.03625600077404919
R45B,R46A,OVRPL,both_wrong_equal,0,0.0,0.0
R45B,R46A,OVRPL,all,1000,0.0011972064972845704,0.013374116295821196
R45B,R46A,VRPBL,corrected,48,-0.006202386856300007,-0.07282427212486302
R45B,R46A,VRPBL,harmed,56,0.009239185810100008,0.09994955867044754
R45B,R46A,VRPBL,both_wrong_cheaper,8,-0.000580013751900001,-0.007125377116759282
R45B,R46A,VRPBL,both_wrong_dearer,1,0.0006347341538000002,0.007278394912471092
R45B,R46A,VRPBL,both_wrong_equal,0,0.0,0.0
R45B,R46A,VRPBL,all,1000,0.003091519355699999,0.027278304341296307
R45B,R46A,VRPBTW,corrected,51,-0.02475507831546719,-0.13185119612983376
R45B,R46A,VRPBTW,harmed,79,0.04511279487588983,0.24763558492763138
R45B,R46A,VRPBTW,both_wrong_cheaper,33,-0.015850541114931147,-0.07500467788900861
R45B,R46A,VRPBTW,both_wrong_dearer,25,0.008471428870974412,0.04568563653320801
R45B,R46A,VRPBTW,both_wrong_equal,0,0.0,0.0
R45B,R46A,VRPBTW,all,1000,0.012978604316465912,0.08646534744199706
R45B,R46A,VRPLTW,corrected,87,-0.033110461235314075,-0.18679349807188156
R45B,R46A,VRPLTW,harmed,73,0.029677248954930176,0.17329725743953772
R45B,R46A,VRPLTW,both_wrong_cheaper,25,-0.007938933372462594,-0.04749516165220696
R45B,R46A,VRPLTW,both_wrong_dearer,33,0.013562770843601961,0.07564366113185579
R45B,R46A,VRPLTW,both_wrong_equal,0,0.0,0.0
R45B,R46A,VRPLTW,all,1000,0.002190625190755474,0.014652258847305
R45B,R46A,OVRPBL,corrected,54,-0.008142100334000002,-0.1231593090752556
R45B,R46A,OVRPBL,harmed,53,0.0076701121330999995,0.11098821179319704
R45B,R46A,OVRPBL,both_wrong_cheaper,2,-0.0001814675331000002,-0.003027086697414105
R45B,R46A,OVRPBL,both_wrong_dearer,1,1.7017364499999133e-05,0.0002121489893432238
R45B,R46A,OVRPBL,both_wrong_equal,0,0.0,0.0
R45B,R46A,OVRPBL,all,1000,-0.0006364383695000031,-0.014986034990129434
R45B,R46A,OVRPBTW,corrected,76,-0.0218646602632,-0.20545076638137308
R45B,R46A,OVRPBTW,harmed,58,0.017516032219,0.16912728118582052
R45B,R46A,OVRPBTW,both_wrong_cheaper,10,-0.000985055923200001,-0.007853956860218904
R45B,R46A,OVRPBTW,both_wrong_dearer,12,0.0014740180967000001,0.010756905579066127
R45B,R46A,OVRPBTW,both_wrong_equal,0,0.0,0.0
R45B,R46A,OVRPBTW,all,1000,-0.0038596658707000025,-0.03342053647670532
R45B,R46A,OVRPLTW,corrected,91,-0.015547250747599994,-0.16313185013936798
R45B,R46A,OVRPLTW,harmed,65,0.010334435463600007,0.10363445493013475
R45B,R46A,OVRPLTW,both_wrong_cheaper,5,-0.000532540321299999,-0.004668630133304857
R45B,R46A,OVRPLTW,both_wrong_dearer,9,0.0010047245023000002,0.009818199926594547
R45B,R46A,OVRPLTW,both_wrong_equal,0,0.0,0.0
R45B,R46A,OVRPLTW,all,1000,-0.004740631102999986,-0.05434782541594352
R45B,R46A,VRPBLTW,corrected,72,-0.04215400314358642,-0.23129704843667548
R45B,R46A,VRPBLTW,harmed,74,0.03636099052402041,0.19514627209347907
R45B,R46A,VRPBLTW,both_wrong_cheaper,28,-0.013617424011479496,-0.07536717446402513
R45B,R46A,VRPBLTW,both_wrong_dearer,31,0.015834740638519237,0.10548748992375127
R45B,R46A,VRPBLTW,both_wrong_equal,0,0.0,0.0
R45B,R46A,VRPBLTW,all,1000,-0.0035756959925262555,-0.006030460883470312
R45B,R46A,OVRPBLTW,corrected,85,-0.021150778293499997,-0.20984540541608276
R45B,R46A,OVRPBLTW,harmed,78,0.0204711737632,0.18406297335761948
R45B,R46A,OVRPBLTW,both_wrong_cheaper,11,-0.0016420879366000022,-0.012524991404404783
R45B,R46A,OVRPBLTW,both_wrong_dearer,7,0.0007902297973000004,0.005945567283494016
R45B,R46A,OVRPBLTW,both_wrong_equal,0,0.0,0.0
R45B,R46A,OVRPBLTW,all,1000,-0.0015314626696000025,-0.03236185617937407
R45B,R46A,ALL,corrected,1149,-0.016726915375652948,-0.13996804250339645
R45B,R46A,ALL,harmed,1085,0.014895737790489968,0.12022842698691633
R45B,R46A,ALL,both_wrong_cheaper,423,-0.003958522608797174,-0.028783509815090685
R45B,R46A,ALL,both_wrong_dearer,437,0.004725178838018075,0.03470716020127616
R45B,R46A,ALL,both_wrong_equal,0,0.0,0.0
R45B,R46A,ALL,all,18000,-0.0010645213559420806,-0.013815965130294636
