arm,split,scope,accuracy,ce,weighted_ce,pair_regret_pct,extra_full_pool_regret_pct,n,ties,moel_prediction_pct,moel_win_pct
A,train,MVRP,0.5733296513200767,0.6638291529920114,0.6089204042090337,0.7821114122798131,0.7908975037614251,149976,24,,
A,train,OVRP,0.5935,0.652722290836186,0.5545737013909149,0.6765795504473333,0.6889404165761219,10000,0,21.86,42.55
A,train,VRPB,0.5986,0.64545269139457,0.5328837230238883,0.640554417674201,0.6408996725645204,10000,0,47.410000000000004,44.31
A,train,VRPL,0.5722,0.6601975061181345,0.3742786077667484,0.46859583000137756,0.4721791350337479,10000,0,28.9,44.28
A,train,VRPTW,0.559667900370111,0.6686302744546402,0.4919718497371977,0.6256170787262993,0.6489657548413758,9997,3,12.673802140642193,45.443633089926976
A,train,OVRPTW,0.5588558855885588,0.6743057159783881,0.5473379187556643,0.7544903423116501,0.7548766217955031,9999,1,58.905890589058906,49.19491949194919
A,train,OVRPB,0.5908,0.6512860575509812,0.727866599024883,0.9214887628313587,0.9218616645343213,10000,0,38.190000000000005,44.21
A,train,OVRPL,0.5923,0.6531680145866842,0.5554904715397097,0.6797785306563046,0.6920967003914845,10000,0,21.029999999999998,42.78
A,train,VRPBL,0.5944594459445944,0.6508812753051938,0.56365054241648,0.6729615434429909,0.6734098039329492,9999,1,44.14441444144415,44.81448144814482
A,train,VRPBTW,0.5623687106131839,0.6708876738755627,0.7292060728940846,0.9392488800091962,0.9630600966986586,9997,3,7.45223567070121,44.67340202060618
A,train,VRPLTW,0.5566783391695848,0.6697883078350483,0.4925331226555028,0.6304831203570115,0.6557025110975809,9995,5,11.905952976488244,45.512756378189096
A,train,OVRPBL,0.5901,0.6553337816042984,0.7329710554205138,0.9287916451205643,0.9293212051358413,10000,0,30.06,43.61
A,train,OVRPBTW,0.5535660698209462,0.6815632879542655,0.7639330015821617,1.0448250688343903,1.0455950098142293,9997,3,46.133840152045615,48.2444733420026
A,train,OVRPLTW,0.5608804402201101,0.6760481633613439,0.5647579624858216,0.7506080378280047,0.7508985639693551,9995,5,58.14907453726863,48.43421710855428
A,train,VRPBLTW,0.5638127625525104,0.6709373297962183,0.7493743097038028,0.96514573717415,0.9923731965294472,9998,2,6.1712342468493695,44.44888977795559
A,train,OVRPBLTW,0.5521552155215521,0.676234924228653,0.7529771247381324,1.0325026387823621,1.0332822035062397,9999,1,32.53325332533253,47.194719471947195
A,val,MVRP,0.5645696363029696,0.670241926661694,0.6285142273291945,0.810957083201028,0.8200396379194499,14999,1,,
A,val,OVRP,0.583,0.6683471226485425,0.5677675442568582,0.6886514253966249,0.7006818787719299,1000,0,21.099999999999998,43.0
A,val,VRPB,0.578,0.6592238305848702,0.5360187679685132,0.6413769080145155,0.6417897329170996,1000,0,47.699999999999996,44.5
A,val,VRPL,0.551,0.6556667002186599,0.38695027545463156,0.5063142741640805,0.5109130361888813,1000,0,28.799999999999997,46.9
A,val,VRPTW,0.53,0.6844488816026846,0.5246583208065749,0.7370721353555063,0.7665394212317111,1000,0,13.5,47.5
A,val,OVRPTW,0.534,0.684983252121525,0.5687063177165224,0.8067253553894681,0.8071769690282941,1000,0,59.699999999999996,49.1
A,val,OVRPB,0.599,0.6516927299739398,0.713388682176503,0.853087207655297,0.8531824582061323,1000,0,39.2,43.3
A,val,OVRPL,0.576,0.6608937957893528,0.5932560157153485,0.7687060246489662,0.7827936603595066,1000,0,20.7,45.300000000000004
A,val,VRPBL,0.59,0.66096776126476,0.5989490595402973,0.7082598920696848,0.7087249235965446,1000,0,44.7,42.5
A,val,VRPBTW,0.546,0.6812915696263201,0.7782148925779752,1.0468083476512648,1.0743489444804075,1000,0,7.1,44.1
A,val,VRPLTW,0.564,0.6704594379504903,0.5289332536410082,0.6748394443906902,0.7040742029882386,1000,0,11.799999999999999,45.2
A,val,OVRPBL,0.611,0.6578899934823866,0.7625859675155118,0.8899691773132867,0.8904309930620046,1000,0,27.900000000000002,42.199999999999996
A,val,OVRPBTW,0.552,0.6798933307617984,0.7605188328107733,1.029556829522483,1.0306012751572453,1000,0,46.9,49.9
A,val,OVRPLTW,0.5445445445445446,0.6767235163512227,0.567519817156419,0.8214052460408128,0.8216771739814569,999,1,56.75675675675676,46.046046046046044
A,val,VRPBLTW,0.552,0.6792563827631334,0.7665542149124378,0.9672676543149591,0.9825672440415191,1000,0,5.7,45.1
A,val,OVRPBLTW,0.558,0.6818905947857231,0.7736914476885443,1.0243163260877806,1.025092654780777,1000,0,33.4,48.4
A,test,MVRP,0.5548699366032699,0.674757211569464,0.6147939282775663,0.8127456713049666,0.8210867054973865,14998,2,,
A,test,OVRP,0.573,0.6607897946325861,0.5836591864953328,0.7291327778350415,0.7418799427846601,1000,0,22.400000000000002,44.7
A,test,VRPB,0.547,0.6917406331879599,0.5583112730534644,0.7181952900687459,0.7184665122794833,1000,0,48.8,47.5
A,test,VRPL,0.567,0.6639558207226454,0.3850737037534277,0.49494118128087505,0.49841314082935,1000,0,27.1,45.4
A,test,VRPTW,0.526,0.6882645133929418,0.5112578230396632,0.7179006311015397,0.7445959957037326,1000,0,12.6,48.0
A,test,OVRPTW,0.523,0.6992086153636101,0.5477154068192727,0.7365723724004247,0.7369362537077333,1000,0,59.5,47.199999999999996
A,test,OVRPB,0.576,0.6580144477119482,0.7278018269551513,0.9530000228230782,0.9533609642829685,1000,0,38.7,42.9
A,test,OVRPL,0.56,0.6780751663465858,0.5708975740316321,0.7143049596900649,0.7263222180016156,1000,0,19.400000000000002,44.2
A,test,VRPBL,0.589,0.6492539966140991,0.5376226986332939,0.688057838138983,0.688563550949614,1000,0,45.1,42.6
A,test,VRPBTW,0.5385385385385385,0.676464489668678,0.7005948836439853,0.9136646755697307,0.9321179563372795,999,1,6.606606606606606,46.146146146146144
A,test,VRPLTW,0.547,0.6827810573474212,0.5065301263652586,0.6461005464768114,0.670752037195999,1000,0,11.0,45.9
A,test,OVRPBL,0.586,0.65621919468712,0.7389934453235643,0.9470506878471683,0.9471112064073351,1000,0,30.2,43.8
A,test,OVRPBTW,0.565,0.6787553064267409,0.8067701447848555,1.1183685757299044,1.1194827152182898,1000,0,43.1,48.8
A,test,OVRPLTW,0.54,0.6821318105534042,0.5422650810486362,0.7288079072271191,0.7292209720969436,1000,0,56.699999999999996,46.9
A,test,VRPBLTW,0.575,0.6674366989963489,0.7393272383385759,0.9326193558990299,0.955667940113943,1000,0,6.6000000000000005,43.3
A,test,OVRPBLTW,0.5105105105105106,0.6882666278898708,0.7650885118773796,1.1524682474859804,1.1534091765518513,999,1,32.732732732732735,47.847847847847845
B,train,MVRP,0.5650951976427467,0.6817750291591742,0.598470864479798,0.782660395602731,0.7911670717065334,149976,24,,
B,train,OVRP,0.582,0.6786038558183107,0.5469123411706274,0.6927460007536386,0.7051222518374372,10000,0,11.83,42.55
B,train,VRPB,0.5915,0.6712138206002645,0.5262626362990289,0.6561393337599349,0.6564745370193867,10000,0,52.080000000000005,44.31
B,train,VRPL,0.5688,0.6816733620618526,0.36464094228168126,0.46448132226444105,0.4680044419696531,10000,0,23.22,44.28
B,train,VRPTW,0.5522656797039112,0.6874690316372154,0.4789406429666885,0.6166572478278574,0.6387038792722318,9997,3,21.596478943683106,45.443633089926976
B,train,OVRPTW,0.5477547754775478,0.6867085917822354,0.5431832393123469,0.7583108186930612,0.7587433305447948,9999,1,57.39573957395739,49.19491949194919
B,train,OVRPB,0.5811,0.6708046865767955,0.7143404675621832,0.9151054659648095,0.9155081414882905,10000,0,30.12,44.21
B,train,OVRPL,0.5822,0.6716626811424581,0.5488139379752244,0.6936993941899872,0.7063760217309935,10000,0,23.84,42.78
B,train,VRPBL,0.5805580558055805,0.6739635673280805,0.5502301443665111,0.6813839198261654,0.6817963807947618,9999,1,41.13411341134113,44.81448144814482
B,train,VRPBTW,0.5588676602980894,0.6887503406870883,0.7119938013974021,0.9259967653439444,0.9483279939071889,9997,3,16.8850655196559,44.67340202060618
B,train,VRPLTW,0.5528764382191096,0.6905376805396435,0.47850766321816723,0.6059658722725652,0.6306219845778906,9995,5,8.78439219609805,45.512756378189096
B,train,OVRPBL,0.5844,0.6741710370351539,0.7247014842791702,0.9420919779304721,0.942621220072083,10000,0,39.050000000000004,43.61
B,train,OVRPBTW,0.5443633089926978,0.6924397156109252,0.7552464619805928,1.0305383498173013,1.0313737512954193,9997,3,55.09652895868761,48.2444733420026
B,train,OVRPLTW,0.5543771885942972,0.6899329130348891,0.5546274314021639,0.7442354277128757,0.7445820462275072,9995,5,47.05352676338169,48.43421710855428
B,train,VRPBLTW,0.5532106421284256,0.6844699952897015,0.736210801243853,0.9670896350399042,0.9930068857235135,9998,2,11.612322464492898,44.44888977795559
B,train,OVRPBLTW,0.5421542154215422,0.6842241582430002,0.7424509717413287,1.0454644026440088,1.0462432091368497,9999,1,42.994299429943,47.194719471947195
B,val,MVRP,0.5667033700367035,0.6864113481566716,0.6236052174652491,0.7985283477554348,0.8071151280555618,14999,1,,
B,val,OVRP,0.584,0.690643679407539,0.5488376632877463,0.6615994444567048,0.6730963265318737,1000,0,12.8,43.0
B,val,VRPB,0.589,0.6837682381472735,0.5258020136814656,0.6406278131449981,0.6410031084382267,1000,0,52.2,44.5
B,val,VRPL,0.569,0.6693458954833248,0.3807219143001938,0.49839886295055985,0.5023178130907877,1000,0,24.0,46.9
B,val,VRPTW,0.572,0.7135512641613816,0.548373587053627,0.6474664074426969,0.6762895228698109,1000,0,21.3,47.5
B,val,OVRPTW,0.546,0.6894129400575548,0.5553562875701175,0.7644836211697825,0.7647657288809255,1000,0,56.89999999999999,49.1
B,val,OVRPB,0.609,0.6689267539654348,0.6962938842846054,0.8011243510619293,0.8012274588328305,1000,0,30.0,43.3
B,val,OVRPL,0.576,0.6791843255546322,0.5962164730125695,0.7425223760396945,0.755948787824156,1000,0,23.3,45.300000000000004
B,val,VRPBL,0.592,0.676264796412344,0.5845246840877399,0.7049390518847106,0.7053875113656655,1000,0,42.1,42.5
B,val,VRPBTW,0.534,0.7103053839749073,0.8244045042654423,1.082122007133,1.1103580551204932,1000,0,16.3,44.1
B,val,VRPLTW,0.561,0.6815122615269192,0.5246627959699254,0.646913157380721,0.6708403414431994,1000,0,8.7,45.2
B,val,OVRPBL,0.572,0.6762497931360462,0.744949640635667,0.9567314378602709,0.9571401880482241,1000,0,39.2,42.199999999999996
B,val,OVRPBTW,0.549,0.6873648108549939,0.7488262137126139,1.0341087540968223,1.034707888875048,1000,0,54.0,49.9
B,val,OVRPLTW,0.5505505505505506,0.684489026647468,0.5613121474723519,0.8158440378262072,0.8160684091787069,999,1,46.546546546546544,46.046046046046044
B,val,VRPBLTW,0.551,0.6893034636914499,0.746845872737562,0.9582974322214236,0.9738706514695528,1000,0,10.4,45.1
B,val,OVRPBLTW,0.546,0.6958475893288051,0.7669505799071082,1.0227464616620021,1.023705128863927,1000,0,44.0,48.4
B,test,MVRP,0.5541384718051384,0.6935504262192149,0.6138061825130865,0.8137967701023375,0.8214795974023961,14998,2,,
B,test,OVRP,0.558,0.686781780399568,0.5882342538341817,0.7587532596468098,0.7723015120539619,1000,0,12.9,44.7
B,test,VRPB,0.554,0.7294283478908373,0.5801761457591356,0.6882987593994395,0.6887874525971752,1000,0,52.1,47.5
B,test,VRPL,0.583,0.6887201011426486,0.3936245061581774,0.47905657935794366,0.48259099116174337,1000,0,22.7,45.4
B,test,VRPTW,0.551,0.7188428656855966,0.5153792698843909,0.6504752980572949,0.6713815102781266,1000,0,21.5,48.0
B,test,OVRPTW,0.507,0.7136569635691906,0.5449897157950417,0.8201453557128714,0.8204744037387572,1000,0,56.49999999999999,47.199999999999996
B,test,OVRPB,0.578,0.6753591162514486,0.7274455540966901,0.9544819434554089,0.9549069128160261,1000,0,30.7,42.9
B,test,OVRPL,0.541,0.7019100380333696,0.5733663322621364,0.7728957834486369,0.7864083080443202,1000,0,22.900000000000002,44.2
B,test,VRPBL,0.585,0.662259858600248,0.5262912191885637,0.7011045736692326,0.7015837186216486,1000,0,41.5,42.6
B,test,VRPBTW,0.5525525525525525,0.6881608354813654,0.6833383769531436,0.8522398733795901,0.8692482307198809,999,1,16.816816816816818,46.146146146146144
B,test,VRPLTW,0.541,0.7071664706239708,0.4932356505647911,0.6295721841448171,0.6502910749224752,1000,0,7.000000000000001,45.9
B,test,OVRPBL,0.584,0.6588705110453019,0.7290992944162603,0.9636496379996422,0.963690745368307,1000,0,39.4,43.8
B,test,OVRPBTW,0.552,0.6915915065261383,0.8159393574612589,1.1380919940356011,1.1387961019831454,1000,0,53.6,48.8
B,test,OVRPLTW,0.526,0.6961527525775782,0.5405464854928775,0.7458293629512628,0.7463065125827779,1000,0,46.1,46.9
B,test,VRPBLTW,0.575,0.6801953666123328,0.7275547493461786,0.9504472238735102,0.972784936183621,1000,0,10.0,43.3
B,test,OVRPBLTW,0.5245245245245245,0.7041598788486264,0.7678718264834714,1.1019097224030026,1.102641549963975,999,1,43.14314314314314,47.847847847847845
