split,arm,problem,solver,selected_pct
val,A,TSP,BQ,55.1
val,A,TSP,DIFUSCO,0.0
val,A,TSP,DIFUSCO500,5.3
val,A,TSP,ELG,15.9
val,A,TSP,LEHD,0.0
val,A,TSP,OMNI,0.0
val,A,TSP,T2T,1.3
val,A,TSP,T2T500,22.400000000000002
val,A,CVRP,BQ,6.0
val,A,CVRP,ELG,0.0
val,A,CVRP,ICAM,9.700000000000001
val,A,CVRP,LEHD,5.6000000000000005
val,A,CVRP,MVMOE,0.0
val,A,CVRP,MoSES_CaDA,0.8999999999999999
val,A,CVRP,MoSES_RF,11.0
val,A,CVRP,OMNI,42.5
val,A,CVRP,RELD_CVRP,24.3
val,A,CVRP,RouteFinder,0.0
val,A,ATSP,GLOP,0.0
val,A,ATSP,ICAM_ATSP,30.2
val,A,ATSP,MATNET,15.4
val,A,ATSP,MATPOENET,0.0
val,A,ATSP,UNICO_MatPOENet,54.400000000000006
val,A,OVRP,MTPOMO,0.0
val,A,OVRP,MVMOE,0.0
val,A,OVRP,MoSES_CaDA,47.4
val,A,OVRP,MoSES_RF,40.9
val,A,OVRP,RELD_MOEL,0.0
val,A,OVRP,RELD_MTL,0.3
val,A,OVRP,RouteFinder,11.4
val,A,VRPB,MTPOMO,0.0
val,A,VRPB,MVMOE,0.0
val,A,VRPB,MoSES_CaDA,0.0
val,A,VRPB,MoSES_RF,0.0
val,A,VRPB,RELD_MOEL,47.699999999999996
val,A,VRPB,RELD_MTL,52.300000000000004
val,A,VRPB,RouteFinder,0.0
val,A,VRPL,MTPOMO,0.0
val,A,VRPL,MVMOE,0.0
val,A,VRPL,MoSES_CaDA,46.1
val,A,VRPL,MoSES_RF,39.4
val,A,VRPL,RELD_MOEL,3.0
val,A,VRPL,RELD_MTL,9.0
val,A,VRPL,RouteFinder,2.5
val,A,VRPTW,MTPOMO,0.0
val,A,VRPTW,MVMOE,0.0
val,A,VRPTW,MoSES_CaDA,22.8
val,A,VRPTW,MoSES_RF,15.8
val,A,VRPTW,RELD_MOEL,4.8
val,A,VRPTW,RELD_MTL,48.8
val,A,VRPTW,RouteFinder,7.8
val,A,OVRPTW,MTPOMO,0.0
val,A,OVRPTW,MVMOE,0.0
val,A,OVRPTW,MoSES_CaDA,0.0
val,A,OVRPTW,MoSES_RF,0.0
val,A,OVRPTW,RELD_MOEL,59.699999999999996
val,A,OVRPTW,RELD_MTL,40.300000000000004
val,A,OVRPTW,RouteFinder,0.0
val,A,OVRPB,MTPOMO,0.0
val,A,OVRPB,MVMOE,0.0
val,A,OVRPB,MoSES_CaDA,0.0
val,A,OVRPB,MoSES_RF,0.0
val,A,OVRPB,RELD_MOEL,39.2
val,A,OVRPB,RELD_MTL,60.8
val,A,OVRPB,RouteFinder,0.0
val,A,OVRPL,MTPOMO,0.0
val,A,OVRPL,MVMOE,0.0
val,A,OVRPL,MoSES_CaDA,54.6
val,A,OVRPL,MoSES_RF,32.4
val,A,OVRPL,RELD_MOEL,0.0
val,A,OVRPL,RELD_MTL,0.5
val,A,OVRPL,RouteFinder,12.5
val,A,VRPBL,MTPOMO,0.0
val,A,VRPBL,MVMOE,0.0
val,A,VRPBL,MoSES_CaDA,0.0
val,A,VRPBL,MoSES_RF,0.0
val,A,VRPBL,RELD_MOEL,44.7
val,A,VRPBL,RELD_MTL,55.300000000000004
val,A,VRPBL,RouteFinder,0.0
val,A,VRPBTW,MTPOMO,0.0
val,A,VRPBTW,MVMOE,0.0
val,A,VRPBTW,MoSES_CaDA,2.1999999999999997
val,A,VRPBTW,MoSES_RF,5.4
val,A,VRPBTW,RELD_MOEL,4.6
val,A,VRPBTW,RELD_MTL,73.8
val,A,VRPBTW,RouteFinder,14.000000000000002
val,A,VRPLTW,MTPOMO,0.0
val,A,VRPLTW,MVMOE,0.0
val,A,VRPLTW,MoSES_CaDA,23.5
val,A,VRPLTW,MoSES_RF,10.8
val,A,VRPLTW,RELD_MOEL,3.0
val,A,VRPLTW,RELD_MTL,51.7
val,A,VRPLTW,RouteFinder,11.0
val,A,OVRPBL,MTPOMO,0.0
val,A,OVRPBL,MVMOE,0.0
val,A,OVRPBL,MoSES_CaDA,0.0
val,A,OVRPBL,MoSES_RF,0.0
val,A,OVRPBL,RELD_MOEL,27.900000000000002
val,A,OVRPBL,RELD_MTL,72.1
val,A,OVRPBL,RouteFinder,0.0
val,A,OVRPBTW,MTPOMO,0.0
val,A,OVRPBTW,MVMOE,0.0
val,A,OVRPBTW,MoSES_CaDA,0.0
val,A,OVRPBTW,MoSES_RF,0.0
val,A,OVRPBTW,RELD_MOEL,46.9
val,A,OVRPBTW,RELD_MTL,53.1
val,A,OVRPBTW,RouteFinder,0.0
val,A,OVRPLTW,MTPOMO,0.0
val,A,OVRPLTW,MVMOE,0.0
val,A,OVRPLTW,MoSES_CaDA,0.0
val,A,OVRPLTW,MoSES_RF,0.0
val,A,OVRPLTW,RELD_MOEL,56.8
val,A,OVRPLTW,RELD_MTL,43.2
val,A,OVRPLTW,RouteFinder,0.0
val,A,VRPBLTW,MTPOMO,0.0
val,A,VRPBLTW,MVMOE,0.0
val,A,VRPBLTW,MoSES_CaDA,2.7
val,A,VRPBLTW,MoSES_RF,1.2
val,A,VRPBLTW,RELD_MOEL,3.9
val,A,VRPBLTW,RELD_MTL,75.8
val,A,VRPBLTW,RouteFinder,16.400000000000002
val,A,OVRPBLTW,MTPOMO,0.0
val,A,OVRPBLTW,MVMOE,0.0
val,A,OVRPBLTW,MoSES_CaDA,0.0
val,A,OVRPBLTW,MoSES_RF,0.0
val,A,OVRPBLTW,RELD_MOEL,33.4
val,A,OVRPBLTW,RELD_MTL,66.60000000000001
val,A,OVRPBLTW,RouteFinder,0.0
val,B,TSP,BQ,55.1
val,B,TSP,DIFUSCO,0.0
val,B,TSP,DIFUSCO500,5.3
val,B,TSP,ELG,15.9
val,B,TSP,LEHD,0.0
val,B,TSP,OMNI,0.0
val,B,TSP,T2T,1.3
val,B,TSP,T2T500,22.400000000000002
val,B,CVRP,BQ,6.0
val,B,CVRP,ELG,0.0
val,B,CVRP,ICAM,9.700000000000001
val,B,CVRP,LEHD,5.6000000000000005
val,B,CVRP,MVMOE,0.0
val,B,CVRP,MoSES_CaDA,0.8999999999999999
val,B,CVRP,MoSES_RF,11.0
val,B,CVRP,OMNI,42.5
val,B,CVRP,RELD_CVRP,24.3
val,B,CVRP,RouteFinder,0.0
val,B,ATSP,GLOP,0.0
val,B,ATSP,ICAM_ATSP,30.2
val,B,ATSP,MATNET,15.4
val,B,ATSP,MATPOENET,0.0
val,B,ATSP,UNICO_MatPOENet,54.400000000000006
val,B,OVRP,MTPOMO,0.0
val,B,OVRP,MVMOE,0.0
val,B,OVRP,MoSES_CaDA,47.4
val,B,OVRP,MoSES_RF,40.9
val,B,OVRP,RELD_MOEL,0.0
val,B,OVRP,RELD_MTL,0.3
val,B,OVRP,RouteFinder,11.4
val,B,VRPB,MTPOMO,0.0
val,B,VRPB,MVMOE,0.0
val,B,VRPB,MoSES_CaDA,0.0
val,B,VRPB,MoSES_RF,0.0
val,B,VRPB,RELD_MOEL,52.2
val,B,VRPB,RELD_MTL,47.8
val,B,VRPB,RouteFinder,0.0
val,B,VRPL,MTPOMO,0.0
val,B,VRPL,MVMOE,0.0
val,B,VRPL,MoSES_CaDA,46.1
val,B,VRPL,MoSES_RF,39.4
val,B,VRPL,RELD_MOEL,3.0
val,B,VRPL,RELD_MTL,9.0
val,B,VRPL,RouteFinder,2.5
val,B,VRPTW,MTPOMO,0.0
val,B,VRPTW,MVMOE,0.0
val,B,VRPTW,MoSES_CaDA,22.8
val,B,VRPTW,MoSES_RF,15.8
val,B,VRPTW,RELD_MOEL,15.1
val,B,VRPTW,RELD_MTL,38.5
val,B,VRPTW,RouteFinder,7.8
val,B,OVRPTW,MTPOMO,0.0
val,B,OVRPTW,MVMOE,0.0
val,B,OVRPTW,MoSES_CaDA,0.0
val,B,OVRPTW,MoSES_RF,0.0
val,B,OVRPTW,RELD_MOEL,56.89999999999999
val,B,OVRPTW,RELD_MTL,43.1
val,B,OVRPTW,RouteFinder,0.0
val,B,OVRPB,MTPOMO,0.0
val,B,OVRPB,MVMOE,0.0
val,B,OVRPB,MoSES_CaDA,0.0
val,B,OVRPB,MoSES_RF,0.0
val,B,OVRPB,RELD_MOEL,30.0
val,B,OVRPB,RELD_MTL,70.0
val,B,OVRPB,RouteFinder,0.0
val,B,OVRPL,MTPOMO,0.0
val,B,OVRPL,MVMOE,0.0
val,B,OVRPL,MoSES_CaDA,54.6
val,B,OVRPL,MoSES_RF,32.4
val,B,OVRPL,RELD_MOEL,0.0
val,B,OVRPL,RELD_MTL,0.5
val,B,OVRPL,RouteFinder,12.5
val,B,VRPBL,MTPOMO,0.0
val,B,VRPBL,MVMOE,0.0
val,B,VRPBL,MoSES_CaDA,0.0
val,B,VRPBL,MoSES_RF,0.0
val,B,VRPBL,RELD_MOEL,42.1
val,B,VRPBL,RELD_MTL,57.9
val,B,VRPBL,RouteFinder,0.0
val,B,VRPBTW,MTPOMO,0.0
val,B,VRPBTW,MVMOE,0.0
val,B,VRPBTW,MoSES_CaDA,2.1999999999999997
val,B,VRPBTW,MoSES_RF,5.4
val,B,VRPBTW,RELD_MOEL,15.4
val,B,VRPBTW,RELD_MTL,63.0
val,B,VRPBTW,RouteFinder,14.000000000000002
val,B,VRPLTW,MTPOMO,0.0
val,B,VRPLTW,MVMOE,0.0
val,B,VRPLTW,MoSES_CaDA,23.5
val,B,VRPLTW,MoSES_RF,10.8
val,B,VRPLTW,RELD_MOEL,6.0
val,B,VRPLTW,RELD_MTL,48.699999999999996
val,B,VRPLTW,RouteFinder,11.0
val,B,OVRPBL,MTPOMO,0.0
val,B,OVRPBL,MVMOE,0.0
val,B,OVRPBL,MoSES_CaDA,0.0
val,B,OVRPBL,MoSES_RF,0.0
val,B,OVRPBL,RELD_MOEL,39.2
val,B,OVRPBL,RELD_MTL,60.8
val,B,OVRPBL,RouteFinder,0.0
val,B,OVRPBTW,MTPOMO,0.0
val,B,OVRPBTW,MVMOE,0.0
val,B,OVRPBTW,MoSES_CaDA,0.0
val,B,OVRPBTW,MoSES_RF,0.0
val,B,OVRPBTW,RELD_MOEL,54.0
val,B,OVRPBTW,RELD_MTL,46.0
val,B,OVRPBTW,RouteFinder,0.0
val,B,OVRPLTW,MTPOMO,0.0
val,B,OVRPLTW,MVMOE,0.0
val,B,OVRPLTW,MoSES_CaDA,0.0
val,B,OVRPLTW,MoSES_RF,0.0
val,B,OVRPLTW,RELD_MOEL,46.6
val,B,OVRPLTW,RELD_MTL,53.400000000000006
val,B,OVRPLTW,RouteFinder,0.0
val,B,VRPBLTW,MTPOMO,0.0
val,B,VRPBLTW,MVMOE,0.0
val,B,VRPBLTW,MoSES_CaDA,2.7
val,B,VRPBLTW,MoSES_RF,1.2
val,B,VRPBLTW,RELD_MOEL,9.0
val,B,VRPBLTW,RELD_MTL,70.7
val,B,VRPBLTW,RouteFinder,16.400000000000002
val,B,OVRPBLTW,MTPOMO,0.0
val,B,OVRPBLTW,MVMOE,0.0
val,B,OVRPBLTW,MoSES_CaDA,0.0
val,B,OVRPBLTW,MoSES_RF,0.0
val,B,OVRPBLTW,RELD_MOEL,44.0
val,B,OVRPBLTW,RELD_MTL,56.00000000000001
val,B,OVRPBLTW,RouteFinder,0.0
test,A,TSP,BQ,58.9
test,A,TSP,DIFUSCO,0.0
test,A,TSP,DIFUSCO500,5.8999999999999995
test,A,TSP,ELG,14.099999999999998
test,A,TSP,LEHD,0.1
test,A,TSP,OMNI,0.0
test,A,TSP,T2T,0.6
test,A,TSP,T2T500,20.4
test,A,CVRP,BQ,6.9
test,A,CVRP,ELG,0.0
test,A,CVRP,ICAM,9.8
test,A,CVRP,LEHD,5.3
test,A,CVRP,MVMOE,0.0
test,A,CVRP,MoSES_CaDA,0.5
test,A,CVRP,MoSES_RF,9.9
test,A,CVRP,OMNI,39.300000000000004
test,A,CVRP,RELD_CVRP,28.299999999999997
test,A,CVRP,RouteFinder,0.0
test,A,ATSP,GLOP,0.0
test,A,ATSP,ICAM_ATSP,29.299999999999997
test,A,ATSP,MATNET,15.4
test,A,ATSP,MATPOENET,0.0
test,A,ATSP,UNICO_MatPOENet,55.300000000000004
test,A,OVRP,MTPOMO,0.0
test,A,OVRP,MVMOE,0.0
test,A,OVRP,MoSES_CaDA,45.7
test,A,OVRP,MoSES_RF,41.199999999999996
test,A,OVRP,RELD_MOEL,0.0
test,A,OVRP,RELD_MTL,0.3
test,A,OVRP,RouteFinder,12.8
test,A,VRPB,MTPOMO,0.0
test,A,VRPB,MVMOE,0.0
test,A,VRPB,MoSES_CaDA,0.0
test,A,VRPB,MoSES_RF,0.0
test,A,VRPB,RELD_MOEL,48.8
test,A,VRPB,RELD_MTL,51.2
test,A,VRPB,RouteFinder,0.0
test,A,VRPL,MTPOMO,0.0
test,A,VRPL,MVMOE,0.0
test,A,VRPL,MoSES_CaDA,46.1
test,A,VRPL,MoSES_RF,40.1
test,A,VRPL,RELD_MOEL,2.4
test,A,VRPL,RELD_MTL,8.200000000000001
test,A,VRPL,RouteFinder,3.2
test,A,VRPTW,MTPOMO,0.0
test,A,VRPTW,MVMOE,0.0
test,A,VRPTW,MoSES_CaDA,23.5
test,A,VRPTW,MoSES_RF,14.499999999999998
test,A,VRPTW,RELD_MOEL,4.3999999999999995
test,A,VRPTW,RELD_MTL,50.7
test,A,VRPTW,RouteFinder,6.9
test,A,OVRPTW,MTPOMO,0.0
test,A,OVRPTW,MVMOE,0.0
test,A,OVRPTW,MoSES_CaDA,0.0
test,A,OVRPTW,MoSES_RF,0.0
test,A,OVRPTW,RELD_MOEL,59.5
test,A,OVRPTW,RELD_MTL,40.5
test,A,OVRPTW,RouteFinder,0.0
test,A,OVRPB,MTPOMO,0.0
test,A,OVRPB,MVMOE,0.0
test,A,OVRPB,MoSES_CaDA,0.0
test,A,OVRPB,MoSES_RF,0.0
test,A,OVRPB,RELD_MOEL,38.7
test,A,OVRPB,RELD_MTL,61.3
test,A,OVRPB,RouteFinder,0.0
test,A,OVRPL,MTPOMO,0.0
test,A,OVRPL,MVMOE,0.0
test,A,OVRPL,MoSES_CaDA,54.50000000000001
test,A,OVRPL,MoSES_RF,32.9
test,A,OVRPL,RELD_MOEL,0.0
test,A,OVRPL,RELD_MTL,0.3
test,A,OVRPL,RouteFinder,12.3
test,A,VRPBL,MTPOMO,0.0
test,A,VRPBL,MVMOE,0.0
test,A,VRPBL,MoSES_CaDA,0.0
test,A,VRPBL,MoSES_RF,0.0
test,A,VRPBL,RELD_MOEL,45.1
test,A,VRPBL,RELD_MTL,54.900000000000006
test,A,VRPBL,RouteFinder,0.0
test,A,VRPBTW,MTPOMO,0.0
test,A,VRPBTW,MVMOE,0.0
test,A,VRPBTW,MoSES_CaDA,2.9000000000000004
test,A,VRPBTW,MoSES_RF,6.4
test,A,VRPBTW,RELD_MOEL,4.3
test,A,VRPBTW,RELD_MTL,73.1
test,A,VRPBTW,RouteFinder,13.3
test,A,VRPLTW,MTPOMO,0.0
test,A,VRPLTW,MVMOE,0.0
test,A,VRPLTW,MoSES_CaDA,23.400000000000002
test,A,VRPLTW,MoSES_RF,9.8
test,A,VRPLTW,RELD_MOEL,4.2
test,A,VRPLTW,RELD_MTL,51.7
test,A,VRPLTW,RouteFinder,10.9
test,A,OVRPBL,MTPOMO,0.0
test,A,OVRPBL,MVMOE,0.0
test,A,OVRPBL,MoSES_CaDA,0.0
test,A,OVRPBL,MoSES_RF,0.0
test,A,OVRPBL,RELD_MOEL,30.2
test,A,OVRPBL,RELD_MTL,69.8
test,A,OVRPBL,RouteFinder,0.0
test,A,OVRPBTW,MTPOMO,0.0
test,A,OVRPBTW,MVMOE,0.0
test,A,OVRPBTW,MoSES_CaDA,0.0
test,A,OVRPBTW,MoSES_RF,0.0
test,A,OVRPBTW,RELD_MOEL,43.1
test,A,OVRPBTW,RELD_MTL,56.89999999999999
test,A,OVRPBTW,RouteFinder,0.0
test,A,OVRPLTW,MTPOMO,0.0
test,A,OVRPLTW,MVMOE,0.0
test,A,OVRPLTW,MoSES_CaDA,0.0
test,A,OVRPLTW,MoSES_RF,0.0
test,A,OVRPLTW,RELD_MOEL,56.699999999999996
test,A,OVRPLTW,RELD_MTL,43.3
test,A,OVRPLTW,RouteFinder,0.0
test,A,VRPBLTW,MTPOMO,0.0
test,A,VRPBLTW,MVMOE,0.0
test,A,VRPBLTW,MoSES_CaDA,3.6999999999999997
test,A,VRPBLTW,MoSES_RF,1.7999999999999998
test,A,VRPBLTW,RELD_MOEL,4.3999999999999995
test,A,VRPBLTW,RELD_MTL,71.1
test,A,VRPBLTW,RouteFinder,19.0
test,A,OVRPBLTW,MTPOMO,0.0
test,A,OVRPBLTW,MVMOE,0.0
test,A,OVRPBLTW,MoSES_CaDA,0.0
test,A,OVRPBLTW,MoSES_RF,0.0
test,A,OVRPBLTW,RELD_MOEL,32.7
test,A,OVRPBLTW,RELD_MTL,67.30000000000001
test,A,OVRPBLTW,RouteFinder,0.0
test,B,TSP,BQ,58.9
test,B,TSP,DIFUSCO,0.0
test,B,TSP,DIFUSCO500,5.8999999999999995
test,B,TSP,ELG,14.099999999999998
test,B,TSP,LEHD,0.1
test,B,TSP,OMNI,0.0
test,B,TSP,T2T,0.6
test,B,TSP,T2T500,20.4
test,B,CVRP,BQ,6.9
test,B,CVRP,ELG,0.0
test,B,CVRP,ICAM,9.8
test,B,CVRP,LEHD,5.3
test,B,CVRP,MVMOE,0.0
test,B,CVRP,MoSES_CaDA,0.5
test,B,CVRP,MoSES_RF,9.9
test,B,CVRP,OMNI,39.300000000000004
test,B,CVRP,RELD_CVRP,28.299999999999997
test,B,CVRP,RouteFinder,0.0
test,B,ATSP,GLOP,0.0
test,B,ATSP,ICAM_ATSP,29.299999999999997
test,B,ATSP,MATNET,15.4
test,B,ATSP,MATPOENET,0.0
test,B,ATSP,UNICO_MatPOENet,55.300000000000004
test,B,OVRP,MTPOMO,0.0
test,B,OVRP,MVMOE,0.0
test,B,OVRP,MoSES_CaDA,45.7
test,B,OVRP,MoSES_RF,41.199999999999996
test,B,OVRP,RELD_MOEL,0.0
test,B,OVRP,RELD_MTL,0.3
test,B,OVRP,RouteFinder,12.8
test,B,VRPB,MTPOMO,0.0
test,B,VRPB,MVMOE,0.0
test,B,VRPB,MoSES_CaDA,0.0
test,B,VRPB,MoSES_RF,0.0
test,B,VRPB,RELD_MOEL,52.1
test,B,VRPB,RELD_MTL,47.9
test,B,VRPB,RouteFinder,0.0
test,B,VRPL,MTPOMO,0.0
test,B,VRPL,MVMOE,0.0
test,B,VRPL,MoSES_CaDA,46.1
test,B,VRPL,MoSES_RF,40.1
test,B,VRPL,RELD_MOEL,2.4
test,B,VRPL,RELD_MTL,8.200000000000001
test,B,VRPL,RouteFinder,3.2
test,B,VRPTW,MTPOMO,0.0
test,B,VRPTW,MVMOE,0.0
test,B,VRPTW,MoSES_CaDA,23.5
test,B,VRPTW,MoSES_RF,14.499999999999998
test,B,VRPTW,RELD_MOEL,16.8
test,B,VRPTW,RELD_MTL,38.3
test,B,VRPTW,RouteFinder,6.9
test,B,OVRPTW,MTPOMO,0.0
test,B,OVRPTW,MVMOE,0.0
test,B,OVRPTW,MoSES_CaDA,0.0
test,B,OVRPTW,MoSES_RF,0.0
test,B,OVRPTW,RELD_MOEL,56.49999999999999
test,B,OVRPTW,RELD_MTL,43.5
test,B,OVRPTW,RouteFinder,0.0
test,B,OVRPB,MTPOMO,0.0
test,B,OVRPB,MVMOE,0.0
test,B,OVRPB,MoSES_CaDA,0.0
test,B,OVRPB,MoSES_RF,0.0
test,B,OVRPB,RELD_MOEL,30.7
test,B,OVRPB,RELD_MTL,69.3
test,B,OVRPB,RouteFinder,0.0
test,B,OVRPL,MTPOMO,0.0
test,B,OVRPL,MVMOE,0.0
test,B,OVRPL,MoSES_CaDA,54.50000000000001
test,B,OVRPL,MoSES_RF,32.9
test,B,OVRPL,RELD_MOEL,0.0
test,B,OVRPL,RELD_MTL,0.3
test,B,OVRPL,RouteFinder,12.3
test,B,VRPBL,MTPOMO,0.0
test,B,VRPBL,MVMOE,0.0
test,B,VRPBL,MoSES_CaDA,0.0
test,B,VRPBL,MoSES_RF,0.0
test,B,VRPBL,RELD_MOEL,41.5
test,B,VRPBL,RELD_MTL,58.5
test,B,VRPBL,RouteFinder,0.0
test,B,VRPBTW,MTPOMO,0.0
test,B,VRPBTW,MVMOE,0.0
test,B,VRPBTW,MoSES_CaDA,2.9000000000000004
test,B,VRPBTW,MoSES_RF,6.4
test,B,VRPBTW,RELD_MOEL,15.6
test,B,VRPBTW,RELD_MTL,61.8
test,B,VRPBTW,RouteFinder,13.3
test,B,VRPLTW,MTPOMO,0.0
test,B,VRPLTW,MVMOE,0.0
test,B,VRPLTW,MoSES_CaDA,23.400000000000002
test,B,VRPLTW,MoSES_RF,9.8
test,B,VRPLTW,RELD_MOEL,5.1
test,B,VRPLTW,RELD_MTL,50.8
test,B,VRPLTW,RouteFinder,10.9
test,B,OVRPBL,MTPOMO,0.0
test,B,OVRPBL,MVMOE,0.0
test,B,OVRPBL,MoSES_CaDA,0.0
test,B,OVRPBL,MoSES_RF,0.0
test,B,OVRPBL,RELD_MOEL,39.4
test,B,OVRPBL,RELD_MTL,60.6
test,B,OVRPBL,RouteFinder,0.0
test,B,OVRPBTW,MTPOMO,0.0
test,B,OVRPBTW,MVMOE,0.0
test,B,OVRPBTW,MoSES_CaDA,0.0
test,B,OVRPBTW,MoSES_RF,0.0
test,B,OVRPBTW,RELD_MOEL,53.6
test,B,OVRPBTW,RELD_MTL,46.400000000000006
test,B,OVRPBTW,RouteFinder,0.0
test,B,OVRPLTW,MTPOMO,0.0
test,B,OVRPLTW,MVMOE,0.0
test,B,OVRPLTW,MoSES_CaDA,0.0
test,B,OVRPLTW,MoSES_RF,0.0
test,B,OVRPLTW,RELD_MOEL,46.1
test,B,OVRPLTW,RELD_MTL,53.900000000000006
test,B,OVRPLTW,RouteFinder,0.0
test,B,VRPBLTW,MTPOMO,0.0
test,B,VRPBLTW,MVMOE,0.0
test,B,VRPBLTW,MoSES_CaDA,3.6999999999999997
test,B,VRPBLTW,MoSES_RF,1.7999999999999998
test,B,VRPBLTW,RELD_MOEL,9.1
test,B,VRPBLTW,RELD_MTL,66.4
test,B,VRPBLTW,RouteFinder,19.0
test,B,OVRPBLTW,MTPOMO,0.0
test,B,OVRPBLTW,MVMOE,0.0
test,B,OVRPBLTW,MoSES_CaDA,0.0
test,B,OVRPBLTW,MoSES_RF,0.0
test,B,OVRPBLTW,RELD_MOEL,43.2
test,B,OVRPBLTW,RELD_MTL,56.8
test,B,OVRPBLTW,RouteFinder,0.0
