problem,n,non_ties,ties,moel_wins,mtl_wins,non_ties_with_other_full_pool_winner,weight_mean,weight_max,weight_q50,weight_q95,data_hash,label_hash
OVRP,10000,10000,0,4255,5745,8718,0.021531457848011616,0.5931001505305816,0.015109146327419868,0.06243599072466994,ebc9276fda5c47b37fef99fed314923375f3fa5977871393fd02e1227f5707eb,97489dc46774e7a64ca519deec74a328cb500da6d3ea2092664564c090478d47
VRPB,10000,10000,0,4431,5569,769,0.0211115966632305,1.3991759973900066,0.012930830743351222,0.07144688772377629,21bb22c0f5061091a947ebbd5bfad71b4274e17d2cf1e05216a1a37f2b408887,6d764a1a6e9ea02c4d8b238adc4eb62f4229fbd15d4dcae44f7f1200433ee64d
VRPL,10000,10000,0,4428,5572,7423,0.013903755782406733,0.23064104822087503,0.008523229432136133,0.047548402471468146,f78c4c0e1509314f7dbfaba0597e65d24c2b63528aa390bf53e508791c128299,a16da96846d60072dd6bf01f9b7f292ddb2d939cac2872dbaa5f81949f141ea5
VRPTW,10000,9997,3,4543,5454,5207,0.01777583108520393,0.6005364235741125,0.01014763244380132,0.06308398859731928,e9a5d5ac762e32ec3a5775c6644729550fab1b7396b38a7e2cb55c38d664b883,7cff85df391e9118dac2f3795ad52edca45fc58e129ff7331789cca37d0f3264
OVRPTW,10000,9999,1,4919,5080,759,0.018980163754348377,0.33967203114697,0.012974243492112824,0.057560303491869295,94072d7fb476af0084255c424664e9a271d75ab35252ac42bea27674f02897f5,b025329e33bf38538069be7e30a910a11e0dc84f6c440f137e602a71ab1e908f
OVRPB,10000,10000,0,4421,5579,363,0.02808512032686268,0.6770147589549133,0.019913511109932808,0.07963846711513314,a93ed8ff0c9a96dad3514d3693b4a8502a13753575ea69d39637bd9bec54c45c,f3cf7b8852a50eaae83a2954fddb6fb2f21f1e3e77ed732cca3f42a2e93c5b31
OVRPL,10000,10000,0,4278,5722,8753,0.02135240454739501,0.5188410565805215,0.014977391382623727,0.06116094477765105,5172ae283d5b64a2f599d88f40fb13767a25610d344e5e83550f8cd172e53747,13929bc999a1e956fa8f99a335a8311e685433e81c040f7c9b285a254dfbe0f1
VRPBL,10000,9999,1,4481,5518,874,0.021643638637239164,0.37770675957076605,0.013365181434230579,0.07464621135397127,b35e82c58c672db30d5baf328c4cc75a50252fc84f62fc64b12a7420d3f70fb0,eafe20187d2737f859dbf6b5917d1a1492c4ffc1c09f8411ce331e10abf17b6e
VRPBTW,10000,9997,3,4466,5531,3344,0.025987395459560702,0.48900890080160125,0.016591087477747467,0.08154217424480022,5e77b757cca9acb4b5688cecca7e177cc81b6ce9811ff93796771527f7e53169,31138f6bab5f79a97b53642762b4b4dd97063726c750113c79a71cf55485a19f
VRPLTW,10000,9995,5,4549,5446,5138,0.017744112810382292,0.28025740650936676,0.01030026185494262,0.06375262686958014,6b60eaa6951cde22d139c5ac81725c9752e6265496bc7ebdf26b8f71baa441b5,788e4abc3e6e1cae7ec6e31f757805dd7853cb4321d6c20c5052f768deb5ae58
OVRPBL,10000,10000,0,4361,5639,406,0.027902701435649796,0.4125017061501631,0.01996261578319191,0.0790720888491295,2c24768197a7542512fa132da91f6f1e2c41f103f5df857eaa30d8b111b70f19,68bdc2060f792c47fab53d5dc6ebc773d24b1c2622ebb0fc84ed8100b613f23a
OVRPBTW,10000,9997,3,4823,5174,903,0.02603069997481739,0.28550183817288954,0.01786815112726263,0.07874829543230985,44a98bd4a3975d74617ab7d322fd94b69ca6e3250c1ae9866ecc8cc6ee1dbe3c,f16cd7dd772826c3be3b046bcee03d33e1b4ed04c40c16490c3aab2d864d317b
OVRPLTW,10000,9995,5,4841,5154,778,0.019575925005312075,0.44893907612149647,0.013298494197574567,0.060152994137822734,ca996c57c0a226170a5099874a3eb6c05c4d056f1dfdb7b88f6a0acdcba6c06b,4e2680b11a806fa2432573bcf57a880331a7cf389bb58c521b2c0b9990b0fe05
VRPBLTW,10000,9998,2,4444,5554,3406,0.026451946800478254,0.4868596795826899,0.016716866684620232,0.08492723462106624,812d27aea478c8d62b11e0bf5db0daee0f6a06e7678e6d6b4caec52194a86c64,a3c08d56258acfec20b555ddb30febf5bbe7edcae8cc30ccf11a8c893a2623aa
OVRPBLTW,10000,9999,1,4719,5280,851,0.026017673661377624,0.2966341705773602,0.0183576190299524,0.07802331209726548,1e19ca56e62e40d9a18d5d8c30330c29ca46bac93ee1c9e516b8caf867a460a8,62abda08c5ea4963e1439e05b429d99662a56dc466bedd343f5519aa289c2473
