chunk_id,start_step,end_step,count,mean_reward,top1_rate,mean_regret,mean_bonus,mean_score,dominant_arm,dominant_arm_ratio
0,1,500,500,0.8201818181818181,0.27,0.08694919395446778,0.22001482725088245,1.0305730440460534,lehd,0.348
1,501,1000,500,0.8392467532467532,0.29,0.04894633197784424,0.1085300280913741,0.9438082256304083,icam,0.568
2,1001,1500,500,0.8371038961038961,0.296,0.06821615695953369,0.0993778645065542,0.9369679865764813,icam,0.446
3,1501,2000,500,0.8442987012987014,0.34,0.05746975612640381,0.10762118516199819,0.9525829464886919,lehd,0.406
4,2001,2500,500,0.8362987012987012,0.292,0.06224207782745361,0.12467488680689114,0.9728624233464959,lehd,0.396
5,2501,3000,500,0.8338181818181819,0.302,0.05215272331237793,0.13326021813164124,0.9885902528320629,icam,0.41
6,3001,3500,500,0.8494155844155844,0.316,0.048012579917907715,0.13096328745241764,0.9909120546479478,icam,0.388
7,3501,4000,500,0.8429610389610389,0.282,0.04293031406402588,0.12431702858959384,0.9911013227036044,icam,0.398
8,4001,4500,500,0.8331818181818182,0.274,0.0525102653503418,0.11598319983081337,0.9852635370491508,icam,0.406
9,4501,5000,500,0.8555584415584416,0.314,0.03868819808959961,0.10851018536220806,0.9777583785598953,icam,0.386
10,5001,5500,500,0.8357142857142856,0.29,0.05141005611419678,0.10134229174569986,0.9686645070773664,icam,0.358
11,5501,6000,500,0.8464285714285713,0.304,0.04915500259399414,0.10161997209416057,0.9733806116021484,icam,0.342
12,6001,6500,500,0.8456753246753247,0.29,0.05237009716033936,0.10100886805856861,0.9705312704747147,icam,0.396
13,6501,7000,500,0.8405324675324676,0.272,0.047325781822204586,0.09259217521744739,0.9517643128092454,icam,0.418
14,7001,7500,500,0.842090909090909,0.304,0.0517523946762085,0.08989597184431886,0.946136201062931,lehd,0.4
15,7501,8000,500,0.8460389610389611,0.334,0.056819351196289065,0.08582270628237221,0.947102155876046,lehd,0.434
16,8001,8500,500,0.8325324675324676,0.306,0.07193542861938476,0.09002447658353782,0.9400379449165125,lehd,0.408
17,8501,9000,500,0.8354805194805194,0.312,0.056032188415527345,0.07242216640253409,0.9301952835021161,lehd,0.45
18,9001,9500,500,0.8473636363636365,0.336,0.04724962615966797,0.06797491076443653,0.9309545173171843,lehd,0.428
19,9501,10000,500,0.8475714285714285,0.29,0.04712141799926758,0.06368552490341475,0.9276203615418614,icam,0.432
20,10001,10500,500,0.8436883116883117,0.306,0.04466126728057861,0.06315488161171355,0.9266360121129492,icam,0.428
21,10501,11000,500,0.8417792207792207,0.322,0.050790793418884275,0.061294836148306976,0.9226259964953308,icam,0.44
22,11001,11500,500,0.8307922077922079,0.282,0.060457372665405275,0.061274981437952576,0.9158848470570559,icam,0.444
23,11501,12000,500,0.8389480519480519,0.32,0.054025985717773437,0.05909420042512222,0.9204369858764854,icam,0.42
24,12001,12500,500,0.840090909090909,0.31,0.0483652925491333,0.05825355583236585,0.9220445506749548,lehd,0.388
25,12501,13000,500,0.8374415584415584,0.276,0.05006913661956787,0.057866794109155774,0.9215793973357082,lehd,0.366
26,13001,13500,500,0.8473376623376623,0.316,0.04187036418914795,0.05720032287907331,0.9190057944457066,lehd,0.392
27,13501,14000,500,0.8406103896103896,0.316,0.0622445068359375,0.05777211765111864,0.9131275528038524,icam,0.412
