split,model,bucket,n,top1,mean_cost,sbs,vs_sbs_pct,mean_actual_regret_pct
train,R34,"(-inf,161]",2505,0.3648702594810379,5.655410202881723,5.651392663072445,0.07108937652711145,0.45055562321796183
train,R34,"(161,275]",2523,0.40150614347998415,7.462873077705841,7.496153944300992,-0.4439725603614719,0.7902021213836794
train,R34,"(275,386]",2492,0.4028892455858748,8.881265254729977,8.925617628668402,-0.49691097897772707,0.6874085936133014
train,R34,"(386,inf]",2480,0.4044354838709677,10.06278915657111,10.091458982941536,-0.284099914778313,0.6200805953008409
train,R34,ALL,10000,0.3934,8.0083461456354,8.048286003152569,-0.4962529599659371,0.637314388004245
train,size_prior,"(-inf,161]",2505,0.2822355289421158,5.713627224482462,5.651392663072445,1.101225222177038,1.6739219115069366
train,size_prior,"(161,275]",2523,0.3634562029330162,7.513259636047007,7.496153944300992,0.22819290896527455,1.6412903746898182
train,size_prior,"(275,386]",2492,0.3270465489566613,8.954855016873697,8.925617628668402,0.3275671154832738,1.7199504207148637
train,size_prior,"(386,inf]",2480,0.2625,10.091458982941564,10.091458982941536,2.886579864025407e-13,0.8489707552188872
train,size_prior,ALL,10000,0.309,8.06109072388195,8.048286003152569,0.1590987289016077,1.472571392503157
val,R34,"(-inf,161]",266,0.3157894736842105,5.651585825717314,5.652128266212635,-0.009597101653968654,0.310867340998963
val,R34,"(161,275]",241,0.4066390041493776,7.325027849224982,7.367004851582634,-0.5697974034676312,0.7195212918009074
val,R34,"(275,386]",250,0.36,8.853382588712298,8.88088760935995,-0.30971026610744357,0.7406801513423407
val,R34,"(386,inf]",243,0.37448559670781895,10.024568606957672,10.047022762949835,-0.2234906451587526,0.7018964443882018
val,R34,ALL,1000,0.363,7.9179693599728145,7.957802834618696,-0.5005587028695246,0.611826217851661
val,size_prior,"(-inf,161]",266,0.2631578947368421,5.712905427567045,5.652128266212635,1.0752969234212983,1.54584522012042
val,size_prior,"(161,275]",241,0.3900414937759336,7.367004851582634,7.367004851582634,0.0,1.4408070369629258
val,size_prior,"(275,386]",250,0.284,8.933957332611085,8.88088760935995,0.5975722876528922,1.8755425597529818
val,size_prior,"(386,inf]",243,0.26337448559670784,10.047022762949835,10.047022762949835,0.0,0.8709724656966341
val,size_prior,ALL,1000,0.299,7.96999687751383,7.957802834618696,0.15323379013723049,1.4389612735626243
