index,winner,solver,nodes,size_bucket
5625,2,DIFUSCO500,50,0
757,7,T2T500,298,2
5041,6,T2T,406,3
7485,2,DIFUSCO500,244,1
6417,1,DIFUSCO,453,3
3332,7,T2T500,437,3
489,6,T2T,169,1
9617,7,T2T500,89,0
8631,4,LEHD,125,0
1474,0,BQ,308,2
9267,5,OMNI,234,1
5462,2,DIFUSCO500,439,3
9928,1,DIFUSCO,216,1
1197,6,T2T,281,2
2087,5,OMNI,193,1
3007,3,ELG,104,0
534,0,BQ,480,3
5803,0,BQ,251,1
8594,4,LEHD,227,1
8424,3,ELG,138,0
4760,1,DIFUSCO,383,2
9998,7,T2T500,182,1
50,2,DIFUSCO500,306,2
2622,0,BQ,140,0
7782,3,ELG,192,1
8577,1,DIFUSCO,62,0
508,6,T2T,128,0
8478,5,OMNI,74,0
9813,4,LEHD,488,3
9828,5,OMNI,145,0
7471,4,LEHD,340,2
4381,3,ELG,238,1
