problem,n,R45A_top1,actual_regret_pct,all_regret_contribution_pp,current_contract_backhaul_conflict,moel_mtl_mutual_errors,moel_mtl_mutual_regret_all_pp,cross_current_contract_errors,cross_current_contract_regret_all_pp,attribution,share_of_all_regret_pct
TSP,1000,0.385,0.5615552846177719,0.03119751581209844,False,0,0.0,0,0.0,"observed old-label budget, NOT recoverable improvement and NOT all historical native contracts certified",3.368886250001388
CVRP,1000,0.479,0.6764067470281662,0.0375781526126759,False,0,0.0,0,0.0,"observed old-label budget, NOT recoverable improvement and NOT all historical native contracts certified",4.0579039177280665
ATSP,1000,0.785,0.3132905315123528,0.017405029528464046,False,0,0.0,0,0.0,"observed old-label budget, NOT recoverable improvement and NOT all historical native contracts certified",1.8794946691419483
OVRP,1000,0.38,0.6626767989288124,0.03681537771826735,False,2,1.4410679726987977e-05,0,0.0,"observed old-label budget, NOT recoverable improvement and NOT all historical native contracts certified",3.9755351205104796
VRPB,1000,0.554,0.6953343233257845,0.03862968462921025,True,363,0.0317757690537718,0,0.0,"observed old-label budget, NOT recoverable improvement and NOT all historical native contracts certified",4.171454361079874
VRPL,1000,0.335,0.4510903074597249,0.025060572636651384,False,25,0.0015483617321488579,0,0.0,"observed old-label budget, NOT recoverable improvement and NOT all historical native contracts certified",2.7061840141783104
VRPTW,1000,0.47,1.3734615275921769,0.07630341819956538,False,171,0.01563842052995124,0,0.0,"observed old-label budget, NOT recoverable improvement and NOT all historical native contracts certified",8.239679657472413
OVRPTW,1000,0.51,0.8586059302170252,0.047700329456501406,False,423,0.04181494351053925,0,0.0,"observed old-label budget, NOT recoverable improvement and NOT all historical native contracts certified",5.1509544860692165
OVRPB,1000,0.583,0.9067025157527773,0.05037236198626541,True,385,0.0466622084193215,3,0.00047452593577536995,"observed old-label budget, NOT recoverable improvement and NOT all historical native contracts certified",5.439495846326736
OVRPL,1000,0.402,0.7206319951617497,0.04003511084231943,False,0,0.0,0,0.0,"observed old-label budget, NOT recoverable improvement and NOT all historical native contracts certified",4.3232203245383785
VRPBL,1000,0.52,0.81543277618607,0.04530182089922611,True,394,0.03941429840353694,0,0.0,"observed old-label budget, NOT recoverable improvement and NOT all historical native contracts certified",4.891949809293578
VRPBTW,1000,0.444,1.6354881625949071,0.09086045347749484,True,309,0.04241475150114431,100,0.02712835264939387,"observed old-label budget, NOT recoverable improvement and NOT all historical native contracts certified",9.811631613005472
VRPLTW,1000,0.457,1.2364110723138861,0.06868950401743812,False,225,0.02155557226132663,0,0.0,"observed old-label budget, NOT recoverable improvement and NOT all historical native contracts certified",7.417485642046613
OVRPBL,1000,0.588,0.9031904440747378,0.05017724689304099,True,367,0.045798589680075635,2,0.00031651071432941364,"observed old-label budget, NOT recoverable improvement and NOT all historical native contracts certified",5.418426202234222
OVRPBTW,1000,0.5,1.1592055373008445,0.0644003076278247,True,413,0.05397283267140456,1,0.000550342691742992,"observed old-label budget, NOT recoverable improvement and NOT all historical native contracts certified",6.954313675805617
OVRPLTW,1000,0.508,0.8849995820336042,0.049166643446311345,False,419,0.04304836244132144,0,0.0,"observed old-label budget, NOT recoverable improvement and NOT all historical native contracts certified",5.309295460017523
VRPBLTW,1000,0.44,1.6549863543089645,0.09194368635049803,True,292,0.0391015020129071,103,0.027500111450330447,"observed old-label budget, NOT recoverable improvement and NOT all historical native contracts certified",9.928605296211195
OVRPBLTW,1000,0.501,1.159400559506863,0.06441114219482573,True,419,0.05465490029300406,1,0.00010068118119604877,"observed old-label budget, NOT recoverable improvement and NOT all historical native contracts certified",6.955483654338981
