problem,split,solver,n,max_abs_cost_error,visit_once_failures,delivery_capacity_ok_failures,pickup_capacity_ok_failures,backhaul_precedence_ok_failures,customer_tw_ok_failures,route_limit_ok_failures,signed_load_ok_failures,closed_depot_horizon3_ok_failures,explicit_classical_feasible_failures,route_source,route_sha256
OVRP,train,RELD_MOEL,10000,1.3538231335985529e-06,0,0,0,0,0,0,0,0,0,/public/home/shiys/0selection2/code/V4/runs/R54_route_supervision/route_cache/OVRP_train.npz,314666e0be4ee155a7bca6517d8eb451e261579a3ca42e06954bc8eadfdf4ec3
OVRP,train,RELD_MTL,10000,1.325791746609184e-06,0,0,0,0,0,0,0,0,0,/public/home/shiys/0selection2/code/V4/runs/R54_route_supervision/route_cache/OVRP_train.npz,314666e0be4ee155a7bca6517d8eb451e261579a3ca42e06954bc8eadfdf4ec3
OVRP,val,RELD_MOEL,64,9.112950074552373e-07,0,0,0,0,0,0,0,0,0,/public/home/shiys/0selection2/code/V4/runs/R54_route_supervision/route_cache/OVRP_val.npz,a1b7ff9fc3939e8e8a989d82e4a0cac822fa2fac0b3c2e5fe05f4d040aad3361
OVRP,val,RELD_MTL,64,8.680947827244268e-07,0,0,0,0,0,0,0,0,0,/public/home/shiys/0selection2/code/V4/runs/R54_route_supervision/route_cache/OVRP_val.npz,a1b7ff9fc3939e8e8a989d82e4a0cac822fa2fac0b3c2e5fe05f4d040aad3361
VRPB,train,RELD_MOEL,10000,1.4765787987869317e-06,0,10000,1311,10000,0,0,0,0,10000,/public/home/shiys/0selection2/code/V4/runs/R54_route_supervision/route_cache/VRPB_train.npz,b2420897c0d89fb7a107ae92197da73721d0eb8c4d79a530968c07b7128a8a1b
VRPB,train,RELD_MTL,10000,1.8925125839786006e-06,0,10000,885,10000,0,0,0,0,10000,/public/home/shiys/0selection2/code/V4/runs/R54_route_supervision/route_cache/VRPB_train.npz,b2420897c0d89fb7a107ae92197da73721d0eb8c4d79a530968c07b7128a8a1b
VRPB,val,RELD_MOEL,64,9.930627040688478e-07,0,64,9,64,0,0,0,0,64,/public/home/shiys/0selection2/code/V4/runs/R54_route_supervision/route_cache/VRPB_val.npz,9e1278a4cc3abce9898c628f4e1f348872f7a04eef4ffb26ecaf96321dd6aa72
VRPB,val,RELD_MTL,64,1.3188101917194217e-06,0,64,5,64,0,0,0,0,64,/public/home/shiys/0selection2/code/V4/runs/R54_route_supervision/route_cache/VRPB_val.npz,9e1278a4cc3abce9898c628f4e1f348872f7a04eef4ffb26ecaf96321dd6aa72
VRPL,train,RELD_MOEL,10000,2.4647739778060895e-06,0,0,0,0,0,0,0,0,0,/public/home/shiys/0selection2/code/V4/runs/R54_route_supervision/route_cache/VRPL_train.npz,14e97b9b6078869787a41f2b934bec12788d92957ceb5fd0e1a90d463bf773c3
VRPL,train,RELD_MTL,10000,2.4226702528551414e-06,0,0,0,0,0,0,0,0,0,/public/home/shiys/0selection2/code/V4/runs/R54_route_supervision/route_cache/VRPL_train.npz,14e97b9b6078869787a41f2b934bec12788d92957ceb5fd0e1a90d463bf773c3
VRPL,val,RELD_MOEL,64,1.6702857479344857e-06,0,0,0,0,0,0,0,0,0,/public/home/shiys/0selection2/code/V4/runs/R54_route_supervision/route_cache/VRPL_val.npz,93d2ae94b9d1af4fe4137099b349ed60ed47f0b11af423363a57df4bfc163163
VRPL,val,RELD_MTL,64,1.789200908319799e-06,0,0,0,0,0,0,0,0,0,/public/home/shiys/0selection2/code/V4/runs/R54_route_supervision/route_cache/VRPL_val.npz,93d2ae94b9d1af4fe4137099b349ed60ed47f0b11af423363a57df4bfc163163
VRPTW,train,RELD_MOEL,10000,5.859792352680415e-06,0,0,0,0,0,0,0,0,0,/public/home/shiys/0selection2/code/V4/runs/R54_route_supervision/route_cache/VRPTW_train.npz,84c12eef24df49ba25e3e2d1667ff55684a6e8b7758da2179e8461bdc5af2f98
VRPTW,train,RELD_MTL,10000,4.6535813709169815e-06,0,0,0,0,0,0,0,0,0,/public/home/shiys/0selection2/code/V4/runs/R54_route_supervision/route_cache/VRPTW_train.npz,84c12eef24df49ba25e3e2d1667ff55684a6e8b7758da2179e8461bdc5af2f98
VRPTW,val,RELD_MOEL,64,2.0850347262069135e-06,0,0,0,0,0,0,0,0,0,/public/home/shiys/0selection2/code/V4/runs/R54_route_supervision/route_cache/VRPTW_val.npz,cd2a6ef0290c0ea09117b74eeb0299b2d0868f7ec47f1840c6d01188766a0fcf
VRPTW,val,RELD_MTL,64,1.7089312756013442e-06,0,0,0,0,0,0,0,0,0,/public/home/shiys/0selection2/code/V4/runs/R54_route_supervision/route_cache/VRPTW_val.npz,cd2a6ef0290c0ea09117b74eeb0299b2d0868f7ec47f1840c6d01188766a0fcf
OVRPTW,train,RELD_MOEL,10000,2.141870197647222e-06,0,0,0,0,0,0,0,0,0,/public/home/shiys/0selection2/code/V4/runs/R54_route_supervision/route_cache/OVRPTW_train.npz,1b1719278d50082a0a3f7a00dccd456f8c4ab3b94622ef38e9ffc049a70e0e7c
OVRPTW,train,RELD_MTL,10000,2.2565365966897843e-06,0,0,0,0,0,0,0,0,0,/public/home/shiys/0selection2/code/V4/runs/R54_route_supervision/route_cache/OVRPTW_train.npz,1b1719278d50082a0a3f7a00dccd456f8c4ab3b94622ef38e9ffc049a70e0e7c
OVRPTW,val,RELD_MOEL,64,1.261389662943202e-06,0,0,0,0,0,0,0,0,0,/public/home/shiys/0selection2/code/V4/runs/R54_route_supervision/route_cache/OVRPTW_val.npz,b44e64bd9423919e46601415a5ec36d86ba917d4ac7aef99723f351f05695991
OVRPTW,val,RELD_MTL,64,7.921538944799522e-07,0,0,0,0,0,0,0,0,0,/public/home/shiys/0selection2/code/V4/runs/R54_route_supervision/route_cache/OVRPTW_val.npz,b44e64bd9423919e46601415a5ec36d86ba917d4ac7aef99723f351f05695991
OVRPB,train,RELD_MOEL,10000,1.2015526191788695e-06,0,9972,879,10000,0,0,0,0,10000,/public/home/shiys/0selection2/code/V4/runs/R54_route_supervision/route_cache/OVRPB_train.npz,85d04e8f0b4301c426e585b08f6dfaf9968f468fa691ebdaacfe24d47ed6dc4d
OVRPB,train,RELD_MTL,10000,1.2898525802995664e-06,0,9980,613,10000,0,0,0,0,10000,/public/home/shiys/0selection2/code/V4/runs/R54_route_supervision/route_cache/OVRPB_train.npz,85d04e8f0b4301c426e585b08f6dfaf9968f468fa691ebdaacfe24d47ed6dc4d
OVRPB,val,RELD_MOEL,64,8.390592576290601e-07,0,63,7,64,0,0,0,0,64,/public/home/shiys/0selection2/code/V4/runs/R54_route_supervision/route_cache/OVRPB_val.npz,12c137a24ac65c8fd0a83035a49dadbd50cea0440a9ab0195a89dd3e83306fe6
OVRPB,val,RELD_MTL,64,6.575720954415942e-07,0,64,6,64,0,0,0,0,64,/public/home/shiys/0selection2/code/V4/runs/R54_route_supervision/route_cache/OVRPB_val.npz,12c137a24ac65c8fd0a83035a49dadbd50cea0440a9ab0195a89dd3e83306fe6
OVRPL,train,RELD_MOEL,10000,1.3788298751649108e-06,0,0,0,0,0,0,0,0,0,/public/home/shiys/0selection2/code/V4/runs/R54_route_supervision/route_cache/OVRPL_train.npz,00f0d115f19d905701f4db3507df2f27a18e2808f04fb9dacb5610e949975df1
OVRPL,train,RELD_MTL,10000,1.3027044829527767e-06,0,0,0,0,0,0,0,0,0,/public/home/shiys/0selection2/code/V4/runs/R54_route_supervision/route_cache/OVRPL_train.npz,00f0d115f19d905701f4db3507df2f27a18e2808f04fb9dacb5610e949975df1
OVRPL,val,RELD_MOEL,64,8.410791920709926e-07,0,0,0,0,0,0,0,0,0,/public/home/shiys/0selection2/code/V4/runs/R54_route_supervision/route_cache/OVRPL_val.npz,8b0db1c635ae48b62250f21284783af12feed60fe60db6c015f1eca25528281f
OVRPL,val,RELD_MTL,64,1.036365071982459e-06,0,0,0,0,0,0,0,0,0,/public/home/shiys/0selection2/code/V4/runs/R54_route_supervision/route_cache/OVRPL_val.npz,8b0db1c635ae48b62250f21284783af12feed60fe60db6c015f1eca25528281f
VRPBL,train,RELD_MOEL,10000,1.9638068415872567e-06,0,10000,1074,10000,0,0,0,0,10000,/public/home/shiys/0selection2/code/V4/runs/R54_route_supervision/route_cache/VRPBL_train.npz,30b1b292d1ace133dcc149401b59d6c7d202f78e59ffa1997c94ecfc7a61d6ed
VRPBL,train,RELD_MTL,10000,1.9121853931380883e-06,0,10000,715,10000,0,0,0,0,10000,/public/home/shiys/0selection2/code/V4/runs/R54_route_supervision/route_cache/VRPBL_train.npz,30b1b292d1ace133dcc149401b59d6c7d202f78e59ffa1997c94ecfc7a61d6ed
VRPBL,val,RELD_MOEL,64,1.083908708565673e-06,0,64,4,64,0,0,0,0,64,/public/home/shiys/0selection2/code/V4/runs/R54_route_supervision/route_cache/VRPBL_val.npz,872dabd0d405c1d5b16a648675b7f7814eae83e3eeb2d04be6fd1f4d8c698e46
VRPBL,val,RELD_MTL,64,1.2156931816775796e-06,0,64,3,64,0,0,0,0,64,/public/home/shiys/0selection2/code/V4/runs/R54_route_supervision/route_cache/VRPBL_val.npz,872dabd0d405c1d5b16a648675b7f7814eae83e3eeb2d04be6fd1f4d8c698e46
VRPBTW,train,RELD_MOEL,10000,6.4784768767367495e-06,0,1099,0,9998,0,0,0,0,9998,/public/home/shiys/0selection2/code/V4/runs/R54_route_supervision/route_cache/VRPBTW_train.npz,a78b766acb8e458fb0181dfa55b419fda0b130b9a81c254e43263d5bfe8c380d
VRPBTW,train,RELD_MTL,10000,5.329844995571875e-06,0,1168,0,9996,0,0,0,0,9996,/public/home/shiys/0selection2/code/V4/runs/R54_route_supervision/route_cache/VRPBTW_train.npz,a78b766acb8e458fb0181dfa55b419fda0b130b9a81c254e43263d5bfe8c380d
VRPBTW,val,RELD_MOEL,64,2.4434800280914715e-06,0,6,0,64,0,0,0,0,64,/public/home/shiys/0selection2/code/V4/runs/R54_route_supervision/route_cache/VRPBTW_val.npz,bdff7c5e6bbca22bc24508bbf6ca41f7139b146228ebb116485e304781c36ed0
VRPBTW,val,RELD_MTL,64,2.429904995437937e-06,0,9,0,64,0,0,0,0,64,/public/home/shiys/0selection2/code/V4/runs/R54_route_supervision/route_cache/VRPBTW_val.npz,bdff7c5e6bbca22bc24508bbf6ca41f7139b146228ebb116485e304781c36ed0
VRPLTW,train,RELD_MOEL,10000,5.57562466951822e-06,0,0,0,0,0,0,0,0,0,/public/home/shiys/0selection2/code/V4/runs/R54_route_supervision/route_cache/VRPLTW_train.npz,ae49388414bd442892aa8f4ebf28f2b4a18ae2db9d11d27f6b6434d1a19a1939
VRPLTW,train,RELD_MTL,10000,4.74061668143122e-06,0,0,0,0,0,0,0,0,0,/public/home/shiys/0selection2/code/V4/runs/R54_route_supervision/route_cache/VRPLTW_train.npz,ae49388414bd442892aa8f4ebf28f2b4a18ae2db9d11d27f6b6434d1a19a1939
VRPLTW,val,RELD_MOEL,64,2.485894192716387e-06,0,0,0,0,0,0,0,0,0,/public/home/shiys/0selection2/code/V4/runs/R54_route_supervision/route_cache/VRPLTW_val.npz,82cf3be6db2f00e6c20da5a35643c68545ac8541e764bc3da047b1dbbb4643c5
VRPLTW,val,RELD_MTL,64,2.2411858715543076e-06,0,0,0,0,0,0,0,0,0,/public/home/shiys/0selection2/code/V4/runs/R54_route_supervision/route_cache/VRPLTW_val.npz,82cf3be6db2f00e6c20da5a35643c68545ac8541e764bc3da047b1dbbb4643c5
OVRPBL,train,RELD_MOEL,10000,1.223438525599363e-06,0,9978,823,10000,0,0,0,0,10000,/public/home/shiys/0selection2/code/V4/runs/R54_route_supervision/route_cache/OVRPBL_train.npz,ea01a21a37a45da24a39e9cde69c2ae1aa26aa9689205a78bb6fcba6f29b9ca2
OVRPBL,train,RELD_MTL,10000,1.1954659235868803e-06,0,9981,618,10000,0,0,0,0,10000,/public/home/shiys/0selection2/code/V4/runs/R54_route_supervision/route_cache/OVRPBL_train.npz,ea01a21a37a45da24a39e9cde69c2ae1aa26aa9689205a78bb6fcba6f29b9ca2
OVRPBL,val,RELD_MOEL,64,8.492818697192206e-07,0,64,5,64,0,0,0,0,64,/public/home/shiys/0selection2/code/V4/runs/R54_route_supervision/route_cache/OVRPBL_val.npz,f753071d73fcf03b93ae9ae67593fe25b9a44be58c97cff66c9f14ae763cb500
OVRPBL,val,RELD_MTL,64,6.342499716538441e-07,0,64,6,64,0,0,0,0,64,/public/home/shiys/0selection2/code/V4/runs/R54_route_supervision/route_cache/OVRPBL_val.npz,f753071d73fcf03b93ae9ae67593fe25b9a44be58c97cff66c9f14ae763cb500
OVRPBTW,train,RELD_MOEL,10000,2.1249208792539775e-06,0,2207,0,9999,0,0,0,0,9999,/public/home/shiys/0selection2/code/V4/runs/R54_route_supervision/route_cache/OVRPBTW_train.npz,08795591bcfaf0796aaa41b241023a6ad67904a77692215c69aaa7e82cf1ef90
OVRPBTW,train,RELD_MTL,10000,2.36977269096883e-06,0,2045,0,10000,0,0,0,0,10000,/public/home/shiys/0selection2/code/V4/runs/R54_route_supervision/route_cache/OVRPBTW_train.npz,08795591bcfaf0796aaa41b241023a6ad67904a77692215c69aaa7e82cf1ef90
OVRPBTW,val,RELD_MOEL,64,1.197426646726285e-06,0,20,0,64,0,0,0,0,64,/public/home/shiys/0selection2/code/V4/runs/R54_route_supervision/route_cache/OVRPBTW_val.npz,7bfc3f00673e4d14fd0a0e93cea33f6505f4d07782e48cbe56019128e7d919b0
OVRPBTW,val,RELD_MTL,64,1.1535802535433959e-06,0,14,0,64,0,0,0,0,64,/public/home/shiys/0selection2/code/V4/runs/R54_route_supervision/route_cache/OVRPBTW_val.npz,7bfc3f00673e4d14fd0a0e93cea33f6505f4d07782e48cbe56019128e7d919b0
OVRPLTW,train,RELD_MOEL,10000,2.0726871561294047e-06,0,0,0,0,0,0,0,0,0,/public/home/shiys/0selection2/code/V4/runs/R54_route_supervision/route_cache/OVRPLTW_train.npz,fb5ecc7290000e087dc9fb6ae8de79619b63ee593d99908bb7e7bdb8475b1d8e
OVRPLTW,train,RELD_MTL,10000,2.0700666176765026e-06,0,0,0,0,0,0,0,0,0,/public/home/shiys/0selection2/code/V4/runs/R54_route_supervision/route_cache/OVRPLTW_train.npz,fb5ecc7290000e087dc9fb6ae8de79619b63ee593d99908bb7e7bdb8475b1d8e
OVRPLTW,val,RELD_MOEL,64,9.136058185532647e-07,0,0,0,0,0,0,0,0,0,/public/home/shiys/0selection2/code/V4/runs/R54_route_supervision/route_cache/OVRPLTW_val.npz,fb1b1f5fdc733aca303b2d17e3b9def39ddeb12af8ff8a3652cd00681cbe83b8
OVRPLTW,val,RELD_MTL,64,9.846803230573187e-07,0,0,0,0,0,0,0,0,0,/public/home/shiys/0selection2/code/V4/runs/R54_route_supervision/route_cache/OVRPLTW_val.npz,fb1b1f5fdc733aca303b2d17e3b9def39ddeb12af8ff8a3652cd00681cbe83b8
VRPBLTW,train,RELD_MOEL,10000,5.364456413303742e-06,0,1099,0,10000,0,0,0,0,10000,/public/home/shiys/0selection2/code/V4/runs/R54_route_supervision/route_cache/VRPBLTW_train.npz,b69ae94877dc5bfcf11fa688380acd25b38615d44a406d655f8e4435282b08f2
VRPBLTW,train,RELD_MTL,10000,7.658127259446701e-06,0,1178,0,10000,0,0,0,0,10000,/public/home/shiys/0selection2/code/V4/runs/R54_route_supervision/route_cache/VRPBLTW_train.npz,b69ae94877dc5bfcf11fa688380acd25b38615d44a406d655f8e4435282b08f2
VRPBLTW,val,RELD_MOEL,64,2.0449504312125555e-06,0,6,0,64,0,0,0,0,64,/public/home/shiys/0selection2/code/V4/runs/R54_route_supervision/route_cache/VRPBLTW_val.npz,5e49749caf7bd6a20f65ebcd941da736549988e111ed1aef5a9bf33fe5082a1f
VRPBLTW,val,RELD_MTL,64,2.592386152855397e-06,0,7,0,64,0,0,0,0,64,/public/home/shiys/0selection2/code/V4/runs/R54_route_supervision/route_cache/VRPBLTW_val.npz,5e49749caf7bd6a20f65ebcd941da736549988e111ed1aef5a9bf33fe5082a1f
OVRPBLTW,train,RELD_MOEL,10000,2.4201571129367494e-06,0,2157,0,10000,0,0,0,0,10000,/public/home/shiys/0selection2/code/V4/runs/R54_route_supervision/route_cache/OVRPBLTW_train.npz,c632ded12d1f513dbd1f2c936967668f40773581a1226a25be670276a67ccafc
OVRPBLTW,train,RELD_MTL,10000,1.9779255602259127e-06,0,2041,0,10000,0,0,0,0,10000,/public/home/shiys/0selection2/code/V4/runs/R54_route_supervision/route_cache/OVRPBLTW_train.npz,c632ded12d1f513dbd1f2c936967668f40773581a1226a25be670276a67ccafc
OVRPBLTW,val,RELD_MOEL,64,1.3327565788756601e-06,0,16,0,64,0,0,0,0,64,/public/home/shiys/0selection2/code/V4/runs/R54_route_supervision/route_cache/OVRPBLTW_val.npz,5b37cd00831d297de6c39e60051cc17d33055fe57f3e06ee613b89e3257f7519
OVRPBLTW,val,RELD_MTL,64,1.1383368239137326e-06,0,12,0,64,0,0,0,0,64,/public/home/shiys/0selection2/code/V4/runs/R54_route_supervision/route_cache/OVRPBLTW_val.npz,5b37cd00831d297de6c39e60051cc17d33055fe57f3e06ee613b89e3257f7519
