split,model,scope,top1_pct,top2_pct,top3_pct,mean_cost,vs_sbs_pct,vs_oracle_pct,actual_regret_pct
val,R45A,ALL,49.11666666666667,82.44444444444444,92.7611111111111,11.168516567489828,-1.0700411390867897,0.8930994484085198,0.9260483583286789
val,R45A,MVRP,47.94666666666668,83.79333333333334,94.11999999999999,11.552104717572583,-1.0596422860461132,0.9785841589997254,1.0078411924505286
val,R45A,TSP,38.5,61.1,75.3,7.9140795681711475,-0.5494389262490906,0.5667518504274272,0.5615552846177718
val,R45A,CVRP,47.9,69.19999999999999,83.3,18.202896996020705,-0.49980671591085546,0.5131725572490753,0.6764067470281662
val,R45A,ATSP,78.5,96.8,99.3,1.6347508870363237,-2.316860570710566,0.31710327868097465,0.3132905315123528
val,R45A,OVRP,38.0,65.8,83.89999999999999,7.451839668750752,-0.13161012301728947,0.6535186638326529,0.6626767989288124
val,R45A,VRPB,55.400000000000006,91.7,99.6,9.3326893639578,-0.08114486008354849,0.6952585277559375,0.6953343233257846
val,R45A,VRPL,33.5,59.199999999999996,73.6,12.399742015361612,-0.060211852171543345,0.45133570867370576,0.4510903074597248
val,R45A,VRPTW,47.0,76.6,92.9,17.885999235630333,-4.132915539652348,1.2782814835548217,1.3734615275921769
val,R45A,OVRPTW,51.0,93.30000000000001,100.0,10.0430023427015,-0.05406504199202411,0.8483701461690307,0.8586059302170251
val,R45A,OVRPB,58.3,96.8,98.4,6.316884791611301,-0.08060411236706644,0.8976303664435026,0.9067025157527772
val,R45A,OVRPL,40.2,69.1,86.2,7.432119432449256,-0.07317247694651474,0.7121539976518099,0.7206319951617496
val,R45A,VRPBL,52.0,91.60000000000001,98.8,9.3593634419428,0.001014682821165458,0.8053911021923765,0.8154327761860702
val,R45A,VRPBTW,44.4,81.0,93.0,19.040335039138665,-3.1998664034696978,1.5788661123995462,1.6354881625949071
val,R45A,VRPLTW,45.7,81.69999999999999,94.1,17.617218019485993,-4.8188646548242176,1.135478676722057,1.2364110723138861
val,R45A,OVRPBL,58.8,95.5,98.5,6.3009124948972,-0.14812758651211455,0.8803591397408495,0.9031904440747378
val,R45A,OVRPBTW,50.0,91.3,99.7,10.4978777179715,-0.08469845762592021,1.1375275226994885,1.1592055373008447
val,R45A,OVRPLTW,50.8,92.7,99.8,10.127592273714098,0.0038202512414597933,0.8740867045688772,0.8849995820336041
val,R45A,VRPBLTW,44.0,78.60000000000001,93.4,18.94340243625673,-2.952778298127934,1.5648586647806662,1.654986354308964
val,R45A,OVRPBLTW,50.1,92.0,99.9,10.532592489719201,-0.08140981796410651,1.1656455678105582,1.159400559506863
val,R53A,ALL,49.26666666666666,82.44444444444444,92.7611111111111,11.16737462015408,-1.077930279559698,0.8849985841365142,0.9226626854842994
val,R53A,MVRP,48.126666666666665,83.79333333333334,94.11999999999999,11.550734380769685,-1.0691092546136036,0.9688631218733187,1.0037783850372732
val,R53A,TSP,38.5,61.1,75.3,7.9140795681711475,-0.5494389262490906,0.5667518504274272,0.5615552846177718
val,R53A,CVRP,47.9,69.19999999999999,83.3,18.202896996020705,-0.49980671591085546,0.5131725572490753,0.6764067470281662
val,R53A,ATSP,78.5,96.8,99.3,1.6347508870363237,-2.316860570710566,0.31710327868097465,0.3132905315123528
val,R53A,OVRP,38.0,65.8,83.89999999999999,7.451839668750752,-0.13161012301728947,0.6535186638326529,0.6626767989288124
val,R53A,VRPB,53.800000000000004,91.7,99.6,9.3331755681036,-0.07593939789380943,0.7005044381521053,0.7068539045771484
val,R53A,VRPL,34.0,59.199999999999996,73.6,12.399140133380913,-0.06506291742488512,0.4464598129635178,0.44608378558215017
val,R53A,VRPTW,45.1,76.6,92.9,17.892989099980035,-4.095450598099381,1.3178611256992045,1.419261450610601
val,R53A,OVRPTW,50.6,93.30000000000001,100.0,10.0446183509833,-0.03798285330851581,0.8645975446899934,0.8871388235057107
val,R53A,OVRPB,57.9,96.8,98.4,6.315803271054099,-0.09771141830673402,0.8803555759393067,0.8964721160515757
val,R53A,OVRPL,40.2,69.1,86.2,7.432119432449256,-0.07317247694651474,0.7121539976518099,0.7206319951617496
val,R53A,VRPBL,54.6,91.60000000000001,98.8,9.354696620461999,-0.048848418053026865,0.7551269183625031,0.7684003974369404
val,R53A,VRPBTW,45.6,81.0,93.0,19.027219326972766,-3.2665460436789084,1.5088946981712814,1.5879105520478036
val,R53A,VRPLTW,47.099999999999994,81.69999999999999,94.1,17.611783913612996,-4.848223681090769,1.1042830079145416,1.1989475533866971
val,R53A,OVRPBL,59.099999999999994,95.5,98.5,6.3030768160813,-0.1138291380077816,0.9150108665379797,0.9288258154776764
val,R53A,OVRPBTW,51.2,91.3,99.7,10.496032529354201,-0.10226034794822425,1.1197508044350934,1.1428410059966423
val,R53A,OVRPLTW,51.0,92.7,99.8,10.126282614232501,-0.009111840399711468,0.8610420735717383,0.8946310773379417
val,R53A,VRPBLTW,42.699999999999996,78.60000000000001,93.4,18.94364637088783,-2.9515286188105616,1.5661665178136497,1.652816557864888
val,R53A,OVRPBLTW,51.0,92.0,99.9,10.528591995239701,-0.11936094621793902,1.127220782364402,1.1431839415927636
val,R54,ALL,49.06666666666667,82.44444444444444,92.7611111111111,11.167717470057697,-1.07410778614106,0.8888678939731849,0.9243078474995544
val,R54,MVRP,47.88666666666666,83.79333333333334,94.11999999999999,11.551145800654023,-1.0645222625112376,0.9735062936773234,1.005752579455579
val,R54,TSP,38.5,61.1,75.3,7.9140795681711475,-0.5494389262490906,0.5667518504274272,0.5615552846177718
val,R54,CVRP,47.9,69.19999999999999,83.3,18.202896996020705,-0.49980671591085546,0.5131725572490753,0.6764067470281662
val,R54,ATSP,78.5,96.8,99.3,1.6347508870363237,-2.316860570710566,0.31710327868097465,0.3132905315123528
val,R54,OVRP,38.0,65.8,83.89999999999999,7.451839668750752,-0.13161012301728947,0.6535186638326529,0.6626767989288124
val,R54,VRPB,53.1,91.7,99.6,9.3357884778978,-0.0479647225308133,0.7286964862291301,0.7338837717970325
val,R54,VRPL,34.2,59.199999999999996,73.6,12.399475906848915,-0.06235664101879035,0.44917994160122987,0.4478771318777799
val,R54,VRPTW,45.1,76.6,92.9,17.889876604557834,-4.112133247896677,1.3002368273117737,1.3955474939335482
val,R54,OVRPTW,49.9,93.30000000000001,100.0,10.044646856307997,-0.03769917406291068,0.8648837853417746,0.8747355853929186
val,R54,OVRPB,57.9,96.8,98.4,6.317781625746,-0.06641814445619287,0.9119552183298518,0.9279313635402342
val,R54,OVRPL,40.2,69.1,86.2,7.4323949351310565,-0.06946826992769717,0.7158873160905799,0.7243091504367066
val,R54,VRPBL,54.6,91.60000000000001,98.8,9.354100085733698,-0.055222150464806496,0.7487019176703802,0.7568048043307108
val,R54,VRPBTW,45.1,81.0,93.0,19.030337895392964,-3.250691394110783,1.5255320442771447,1.5931597269903013
val,R54,VRPLTW,46.6,81.69999999999999,94.1,17.611741364479794,-4.848453562721433,1.1040387453443268,1.1961104027821252
val,R54,OVRPBL,56.89999999999999,95.5,98.5,6.3034609537118005,-0.10774162898412598,0.9211610776630019,0.9424006626821563
val,R54,OVRPBTW,50.7,91.3,99.7,10.4980997877123,-0.08258487184109597,1.1396669631774214,1.1706147039108472
val,R54,OVRPLTW,52.800000000000004,92.7,99.8,10.1216200947774,-0.055151387105789595,0.8146018754412898,0.8381455997077534
val,R54,VRPBLTW,43.0,78.60000000000001,93.4,18.94487243461653,-2.9452474832595277,1.5727400459714547,1.6587533438385982
val,R54,OVRPBLTW,50.2,92.0,99.9,10.531150318145501,-0.09509113627063082,1.1517934968778398,1.163338151684165
val,R55,ALL,48.97777777777777,82.44444444444444,92.7611111111111,11.169596371658496,-1.0560184320951655,0.907328780133274,0.9397703166025475
val,R55,MVRP,47.78000000000001,83.79333333333334,94.11999999999999,11.553400482574983,-1.042815037656164,0.9956593570694302,1.024307542379171
val,R55,TSP,38.5,61.1,75.3,7.9140795681711475,-0.5494389262490906,0.5667518504274272,0.5615552846177718
val,R55,CVRP,47.9,69.19999999999999,83.3,18.202896996020705,-0.49980671591085546,0.5131725572490753,0.6764067470281662
val,R55,ATSP,78.5,96.8,99.3,1.6347508870363237,-2.316860570710566,0.31710327868097465,0.3132905315123528
val,R55,OVRP,38.0,65.8,83.89999999999999,7.451839668750752,-0.13161012301728947,0.6535186638326529,0.6626767989288124
val,R55,VRPB,55.60000000000001,91.7,99.6,9.329912524224898,-0.11087462352022959,0.6652977539757021,0.6730351314950194
val,R55,VRPL,33.5,59.199999999999996,73.6,12.400064443111612,-0.05761313995736872,0.4539477225460109,0.45231153154269654
val,R55,VRPTW,47.699999999999996,76.6,92.9,17.88796495866763,-4.122379469849391,1.289412259558298,1.3807598745232652
val,R55,OVRPTW,51.5,93.30000000000001,100.0,10.0413245844841,-0.07076175358777803,0.8315226760649219,0.8430432826028494
val,R55,OVRPB,57.199999999999996,96.8,98.4,6.3218402714711,-0.0022191852615538465,0.976782700493728,0.9862210779159981
val,R55,OVRPL,40.2,69.1,86.2,7.432403191089657,-0.06935726636287942,0.7159991920341113,0.724414691469455
val,R55,VRPBL,53.800000000000004,91.60000000000001,98.8,9.358957068441299,-0.0033272537584339013,0.8010142404531573,0.8044019963805685
val,R55,VRPBTW,43.4,81.0,93.0,19.043107707023765,-3.185770295331636,1.5936581031547492,1.6471450420853766
val,R55,VRPLTW,47.099999999999994,81.69999999999999,94.1,17.614092966556495,-4.835748483219504,1.1175386294588918,1.2237856083528258
val,R55,OVRPBL,53.1,95.5,98.5,6.311703217743399,0.022875245499998087,1.053123322227667,1.0726926150326705
val,R55,OVRPBTW,51.1,91.3,99.7,10.498370521545501,-0.08000811744285352,1.1422752380347179,1.1608409906334387
val,R55,OVRPLTW,49.8,92.7,99.8,10.1267694849982,-0.004304287407586038,0.8658914634865011,0.8887950225937343
val,R55,VRPBLTW,43.9,78.60000000000001,93.4,18.94801690197013,-2.9291383486187983,1.5895990755686595,1.657912894180589
val,R55,OVRPBLTW,50.8,92.0,99.9,10.534639728546201,-0.06198846300715655,1.1853093151516836,1.1865765779502673
test,R45A,ALL,47.91111111111112,81.74444444444444,92.43333333333335,11.168365905877838,-1.0320033464644502,0.9156894236944484,0.9432205040972027
test,R45A,MVRP,46.72666666666667,82.95333333333333,93.79333333333335,11.54055052169184,-1.0171465427465844,1.0026309877187052,1.0257576286610912
test,R45A,TSP,35.9,61.7,75.2,8.044507260264542,-0.47463992082258377,0.6236329982979738,0.6503961134683289
test,R45A,CVRP,48.1,69.19999999999999,82.19999999999999,18.247944990634338,-0.4603189208651437,0.492012154585475,0.6138320132029332
test,R45A,ATSP,77.5,96.2,99.5,1.6298762295246125,-2.383903253473607,0.3272996578360443,0.327376517162016
test,R45A,OVRP,37.4,64.9,83.1,7.461105406999683,-0.11250922520548157,0.7074597601828492,0.7130150799412186
test,R45A,VRPB,51.7,91.8,98.8,9.2874395599367,-0.08202072050069731,0.7556451914066509,0.768148771976611
test,R45A,VRPL,30.2,52.800000000000004,69.6,12.354607674121864,-0.04923941383221386,0.4844627576229943,0.4926049387649516
test,R45A,VRPTW,43.5,77.10000000000001,92.4,17.65770413208071,-4.219923639803724,1.3415230991227434,1.4119123149147808
test,R45A,OVRPTW,49.1,90.8,99.9,10.1140217623698,-0.09164584867578096,0.8014422448135772,0.8189992075805642
test,R45A,OVRPB,55.1,96.39999999999999,99.2,6.295777523042499,-0.008483150064886313,1.009048622226083,1.0278771297606746
test,R45A,OVRPL,37.0,68.60000000000001,85.7,7.444869086027193,-0.11781206706394931,0.6924052402268899,0.6942971396328531
test,R45A,VRPBL,54.7,94.0,99.1,9.245515623092901,-0.0396129949826296,0.7433872239817507,0.7461961253843078
test,R45A,VRPBTW,44.3,78.5,93.5,18.97297435665188,-2.833790453841778,1.5111678506489534,1.511844088984126
test,R45A,VRPLTW,44.5,78.5,92.80000000000001,17.603499276160633,-4.468272682251828,1.3298818415564906,1.3869946903680401
test,R45A,OVRPBL,57.4,97.1,99.1,6.3019509816162,-0.07727894172059324,0.9640885389460507,0.9840688123806901
test,R45A,OVRPBTW,51.4,90.3,99.7,10.6081614775664,-0.007769296404691595,1.2404008897558327,1.2650024723295679
test,R45A,OVRPLTW,50.2,92.10000000000001,100.0,10.0975937423723,-0.05946863997057239,0.8023806031618452,0.8209883810712121
test,R45A,VRPBLTW,44.9,78.9,94.1,19.071665447711727,-3.0761422997990118,1.5068276201452235,1.574573741760688
test,R45A,OVRPBLTW,49.5,92.5,99.9,10.591371775627099,-0.01322876708093057,1.149343331982644,1.169841535066084
test,R53A,ALL,47.76111111111112,81.74444444444444,92.43333333333335,11.168996055944211,-1.0269506831079152,0.9208286901066602,0.9497286542490865
test,R53A,MVRP,46.54666666666667,82.95333333333333,93.79333333333335,11.541306701771484,-1.0110833467187428,1.0087981074133592,1.0335674088433517
test,R53A,TSP,35.9,61.7,75.2,8.044507260264542,-0.47463992082258377,0.6236329982979738,0.6503961134683289
test,R53A,CVRP,48.1,69.19999999999999,82.19999999999999,18.247944990634338,-0.4603189208651437,0.492012154585475,0.6138320132029332
test,R53A,ATSP,77.5,96.2,99.5,1.6298762295246125,-2.383903253473607,0.3272996578360443,0.327376517162016
test,R53A,OVRP,37.4,64.9,83.1,7.460946942090983,-0.11463071541939485,0.7053208548134959,0.710803210700057
test,R53A,VRPB,50.8,91.8,98.8,9.2887376365665,-0.06805549435171532,0.7697274955227984,0.7873619780359754
test,R53A,VRPL,30.4,52.800000000000004,69.6,12.354697769642064,-0.048510526601874826,0.48519553685670846,0.4931475741922733
test,R53A,VRPTW,43.2,77.10000000000001,92.4,17.66100978756051,-4.201992886637429,1.3604949970919211,1.4351324415309388
test,R53A,OVRPTW,47.699999999999996,90.8,99.9,10.1158407039636,-0.07367797543962329,0.8195707341842828,0.82757135047515
test,R53A,OVRPB,55.800000000000004,96.39999999999999,99.2,6.2950698833482,-0.01972210604089808,0.9976952966000097,1.0028389464800207
test,R53A,OVRPL,37.0,68.60000000000001,85.7,7.444869086027193,-0.11781206706394931,0.6924052402268899,0.6942971396328531
test,R53A,VRPBL,55.60000000000001,94.0,99.1,9.245287647248,-0.04207781734766325,0.740903094404044,0.746749823504259
test,R53A,VRPBTW,42.5,78.5,93.5,18.980302421570276,-2.7962612674293563,1.550375220772815,1.5672520446693832
test,R53A,VRPLTW,47.199999999999996,78.5,92.80000000000001,17.598007357596433,-4.498076555816722,1.2982690667062258,1.35585002449946
test,R53A,OVRPBL,56.699999999999996,97.1,99.1,6.3035729615676,-0.051561088516305364,0.9900744166368325,0.9926267579994991
test,R53A,OVRPBTW,50.7,90.3,99.7,10.603617324351799,-0.05060235636026311,1.1970331587759064,1.2526748054873176
test,R53A,OVRPLTW,50.2,92.10000000000001,100.0,10.097879994394102,-0.0566354720008877,0.8052382032977201,0.8140018459649327
test,R53A,VRPBLTW,45.7,78.9,94.1,19.071834787845425,-3.0752816985543774,1.507728914256501,1.5753847285297855
test,R53A,OVRPBLTW,47.3,92.5,99.9,10.5979262227996,0.04864782679931956,1.211939381054239,1.2478184609483711
test,R54,ALL,47.73888888888889,81.74444444444444,92.43333333333335,11.168989176733826,-1.024526476508309,0.9231943938297208,0.9522553985316848
test,R54,MVRP,46.52,82.95333333333333,93.79333333333335,11.541298446719027,-1.0081742987992153,1.0116369518810322,1.0365995019824699
test,R54,TSP,35.9,61.7,75.2,8.044507260264542,-0.47463992082258377,0.6236329982979738,0.6503961134683289
test,R54,CVRP,48.1,69.19999999999999,82.19999999999999,18.247944990634338,-0.4603189208651437,0.492012154585475,0.6138320132029332
test,R54,ATSP,77.5,96.2,99.5,1.6298762295246125,-2.383903253473607,0.3272996578360443,0.327376517162016
test,R54,OVRP,37.4,64.9,83.1,7.460946942090983,-0.11463071541939485,0.7053208548134959,0.710803210700057
test,R54,VRPB,51.2,91.8,98.8,9.2868166089061,-0.08872267616522045,0.7488870496598743,0.7566577002456977
test,R54,VRPL,31.1,52.800000000000004,69.6,12.354052608967065,-0.05372998009384178,0.4799482133050814,0.487086154293032
test,R54,VRPTW,44.1,77.10000000000001,92.4,17.65400127029411,-4.240008945459484,1.320271545100038,1.388824883808501
test,R54,OVRPTW,48.1,90.8,99.9,10.119685825823899,-0.03569508341115801,0.8578931580658589,0.8689733207807899
test,R54,OVRPB,54.800000000000004,96.39999999999999,99.2,6.2974995837228995,0.018867158758872904,1.0366772527423906,1.0392704420480918
test,R54,OVRPL,37.0,68.60000000000001,85.7,7.444869086027193,-0.11781206706394931,0.6924052402268899,0.6942971396328531
test,R54,VRPBL,54.7,94.0,99.1,9.2486694679271,-0.005514350511925947,0.7777529667189587,0.7738430986336493
test,R54,VRPBTW,43.8,78.5,93.5,18.97386511421208,-2.829228621093649,1.5159336737881501,1.5329213949909517
test,R54,VRPLTW,46.300000000000004,78.5,92.80000000000001,17.600826521872232,-4.482777345777034,1.3144968392915013,1.369522666407153
test,R54,OVRPBL,56.699999999999996,97.1,99.1,6.3026744284618,-0.06580808490748158,0.9756789419157919,0.9766727234363868
test,R54,OVRPBTW,48.5,90.3,99.7,10.6137272367485,0.04469339256871763,1.293518453251008,1.3426076934238955
test,R54,OVRPLTW,50.9,92.10000000000001,100.0,10.0930639781976,-0.10430180023680569,0.7571608187230572,0.7828179105655272
test,R54,VRPBLTW,44.800000000000004,78.9,94.1,19.07459542989743,-3.0612518762431984,1.5224221259040105,1.6034439558016624
test,R54,OVRPBLTW,48.4,92.5,99.9,10.5941825976364,0.013306513067323777,1.176187144709373,1.2212502349687997
test,R55,ALL,46.849999999999994,81.74444444444444,92.43333333333335,11.1713747727177,-1.0029733741777211,0.9451204247499382,0.977167250044176
test,R55,MVRP,45.453333333333326,82.95333333333333,93.79333333333335,11.544161161899673,-0.9823105760025098,1.0379481889852928,1.0664937237974597
test,R55,TSP,35.9,61.7,75.2,8.044507260264542,-0.47463992082258377,0.6236329982979738,0.6503961134683289
test,R55,CVRP,48.1,69.19999999999999,82.19999999999999,18.247944990634338,-0.4603189208651437,0.492012154585475,0.6138320132029332
test,R55,ATSP,77.5,96.2,99.5,1.6298762295246125,-2.383903253473607,0.3272996578360443,0.327376517162016
test,R55,OVRP,37.4,64.9,83.1,7.460946942090983,-0.11463071541939485,0.7053208548134959,0.710803210700057
test,R55,VRPB,49.7,91.8,98.8,9.2919356522563,-0.03364996596396663,0.8044214638742053,0.806650492476616
test,R55,VRPL,30.9,52.800000000000004,69.6,12.354909190655064,-0.0468000966464599,0.4869150999110339,0.4925476885415561
test,R55,VRPTW,45.1,77.10000000000001,92.4,17.65358148384211,-4.242285978652848,1.317862296530481,1.3837747519673294
test,R55,OVRPTW,47.0,90.8,99.9,10.121151175497202,-0.02122006273633792,0.8724975720104222,0.9004555930685183
test,R55,OVRPB,52.1,96.39999999999999,99.2,6.2997709367295,0.05494150090332717,1.073118693921371,1.095015511668047
test,R55,OVRPL,37.0,68.60000000000001,85.7,7.444869086027193,-0.11781206706394931,0.6924052402268899,0.6942971396328531
test,R55,VRPBL,55.00000000000001,94.0,99.1,9.244795418264198,-0.04739968383102866,0.735539541181085,0.7470673741828384
test,R55,VRPBTW,43.2,78.5,93.5,18.978189299582876,-2.8070831897049398,1.5390693771702546,1.5483614572385358
test,R55,VRPLTW,45.0,78.5,92.80000000000001,17.603637726782633,-4.4675213300996,1.3306787958976551,1.4047335193857216
test,R55,OVRPBL,54.7,97.1,99.1,6.306063240289699,-0.012075629674812571,1.0299713822143453,1.0365675493647897
test,R55,OVRPBTW,46.800000000000004,90.3,99.7,10.6197082009311,0.10106979215889211,1.350598580927631,1.382276626321594
test,R55,OVRPLTW,49.8,92.10000000000001,100.0,10.102237627984799,-0.013505967325022628,0.8487396404663894,0.8850115350687313
test,R55,VRPBLTW,43.6,78.9,94.1,19.08160421895883,-3.0256326024309277,1.5597256296295825,1.657788930991716
test,R55,OVRPBLTW,44.5,92.5,99.9,10.5990172286026,0.058947356449423616,1.2223586660045527,1.2520544763529897
