epoch,successful_updates,loss,edge_loss,relative_cost_loss,learning_rate,val_pair_accuracy,val_relative_cost_mse,val_top1,val_regret,val_edge_loss
1,1185,16.071860944069996,0.6686602448763902,15.403200704568023,3.3333333333333335e-05,0.544635969302636,20.057428036688012,0.4775555555555557,0.9521877796175661,0.6690942645072937
2,2370,13.765422843609288,0.6686600934750444,13.096762751713621,6.666666666666667e-05,0.524635969302636,12.956948506300778,0.46838888888888885,1.0176695729144414,0.6690944552421569
3,3555,14.578984994735567,0.6686603459840318,13.910324657940068,0.0001,0.464963963963964,16.85911865078181,0.44366666666666665,1.219577749215703,0.6690945267677307
4,4740,14.039786744904326,0.6686604526147287,13.371126285869547,0.0001,0.5256343009676343,13.395591406518333,0.47111111111111115,1.0280101664498904,0.669094177087148
5,5925,13.543918381667222,0.6686604886554767,12.875257867663398,0.0001,0.5462347013680348,12.39379307088121,0.48000000000000004,0.9488798584097028,0.6690943400065105
6,7110,13.421512887214872,0.6686604522224674,12.752852448603118,0.0001,0.5459693026359694,11.85897152515628,0.47816666666666674,0.9500595785123528,0.6690944035847982
7,8295,13.71468367277161,0.6686603920634107,13.046023279751193,0.0001,0.5317666332999667,12.42535483898414,0.4698888888888889,1.028714338769594,0.6690943996111552
8,9480,13.04242875751905,0.6686604389793753,12.373768316826363,0.0001,0.519898031364698,12.834592420596795,0.46416666666666667,1.0608857875066822,0.6690942883491516
9,10665,12.273352941169785,0.6686602411564652,11.604692702359337,5e-05,0.4964994994994995,14.641342781562821,0.46011111111111114,1.1111498235861206,0.6690935691197714
10,11850,12.25742971198924,0.6686594801508167,11.58877023942373,5e-05,0.5375660994327662,12.076607451832196,0.4792777777777778,0.9956916441384518,0.6690939386685689
11,13035,12.14697262202033,0.6686594888735639,11.47831313257288,5e-05,0.5453027027027028,13.997609931000474,0.4778333333333334,0.9500560618601076,0.669092349211375
12,14220,11.796124465228234,0.6686582893964582,11.127466192321853,2.5e-05,0.5526353019686353,11.316224444236017,0.48277777777777786,0.9490689609477236,0.6690916975339254
13,15405,11.655953814047091,0.6686581372324483,10.987295648079018,2.5e-05,0.5489014347681016,11.229703494650458,0.4808888888888888,0.9552954924138999,0.6690918525060018
14,16590,11.623862256848057,0.6686574345855082,10.955204814265503,2.5e-05,0.5501685018351685,11.155198033856745,0.48072222222222216,0.9436960569776799,0.6690909107526143
15,17775,11.595233858073623,0.6686573166821667,10.92657653236746,2.5e-05,0.5555022355689022,11.144142219765438,0.4854444444444444,0.9426802545983636,0.6690930843353271
16,18960,11.636666462199749,0.6686573408942684,10.96800912347623,2.5e-05,0.552036036036036,11.13915213282442,0.48227777777777775,0.9406582564497119,0.6690920233726502
17,20145,11.579142020652535,0.6686573086056371,10.910484701116836,2.5e-05,0.5206339005672338,12.675402263236888,0.46811111111111114,1.0504836853022521,0.6690917571385702
18,21330,11.576304811017955,0.6686571240274087,10.9076476938581,2.5e-05,0.4961654320987654,14.439930546472514,0.4578333333333333,1.1065268157898434,0.669091546535492
19,22515,11.568313397659889,0.6686568252816609,10.89965657520871,2.5e-05,0.5546359025692359,11.044501733178258,0.4813888888888889,0.9476154378533693,0.6690916458765666
20,23700,11.403661394137385,0.6686563113954803,10.735005077813005,1.25e-05,0.5581688355021688,11.144977641352686,0.4878333333333333,0.9398632379236792,0.6690906286239624
21,24885,11.384692258308199,0.668656023228468,10.716036239380696,1.25e-05,0.5479697697697697,11.177397593265376,0.4807222222222223,0.9496563629558507,0.6690920710563659
22,26070,11.373845444249492,0.6686558965697901,10.705189535151979,1.25e-05,0.5380335669002336,11.985175099015395,0.47644444444444445,1.0026291656248696,0.66909099817276
23,27255,11.29011518980539,0.6686558699067506,10.621459333750193,6.25e-06,0.5495017684351019,11.432132124372485,0.4829444444444444,0.9752630456302255,0.669090457757314
24,28440,11.282184188338084,0.6686555976018802,10.613528589790723,6.25e-06,0.5627026359693026,10.973382572500135,0.4897777777777777,0.9397703166025475,0.6690903504689535
