scope,name,mean_cost,top1_accuracy
overall,Selector,52.183436404141645,0.40268456375838924
tsp,Selector,8.21157299013478,0.4489795918367347
cvrp,Selector,73.72964947700501,0.38
overall,SingleBestGlobal,49.06518056728696,0.35570469798657717
tsp,SingleBestGlobal,8.27312845113326,0.4489795918367347
cvrp,SingleBestGlobal,69.05328610420227,0.31
overall,SingleBestPerProblem,49.06518056728696,0.35570469798657717
tsp,SingleBestPerProblem,8.27312845113326,0.4489795918367347
cvrp,SingleBestPerProblem,69.05328610420227,0.31
overall,Oracle,48.52315308244146,1.0
tsp,Oracle,8.142167115105343,1.0
cvrp,Oracle,68.30983620643616,1.0
