split,index,nodes,repeat0_difference,repeat1_difference,sign_stable,historical_difference,historical_sign_reproduced,r39a_pred,pair_winner,r39a_pair_correct,r39a_pair_regret_pct,old_full_pool_gap_pct,full_pool_repeated
train,1068,56,-0.045577049255371094,-0.045577049255371094,True,-0.04557704930000028,True,RELD_MOEL,RELD_MOEL,True,0.0,0.4788108831445612,False
train,202,52,-0.009951114654541016,-0.009951114654541016,True,-0.009951114699999764,True,RELD_MOEL,RELD_MOEL,True,0.0,0.1282116426256863,False
train,3839,70,0.08004379272460938,0.08004379272460938,True,0.08004379269999973,True,RELD_MTL,RELD_MTL,True,0.0,0.8212704463816891,False
train,7621,89,0.06240558624267578,0.06240558624267578,True,0.062405586200000585,True,RELD_MTL,RELD_MTL,True,0.0,0.3035665874757285,False
train,3181,67,-0.008005142211914062,-0.008005142211914062,True,-0.008005142300000045,True,RELD_MOEL,RELD_MOEL,True,0.0,0.0707793340232854,False
train,6222,82,-0.19779300689697266,-0.19779300689697266,True,-0.19779300689999957,True,RELD_MOEL,RELD_MOEL,True,0.0,2.460239856846954,False
train,720,54,-0.09071826934814453,-0.09071826934814453,True,-0.09071826939999994,True,RELD_MOEL,RELD_MOEL,True,0.0,1.5710086850998124,False
train,1103,56,-0.20737457275390625,-0.20737457275390625,True,-0.20737457270000093,True,RELD_MOEL,RELD_MOEL,True,0.0,2.1077122983653567,False
train,6065,81,-0.3155956268310547,-0.3155956268310547,True,-0.3155956269000004,True,RELD_MOEL,RELD_MOEL,True,0.0,1.4591541158899872,False
train,208,52,-0.23656463623046875,-0.23656463623046875,True,-0.23656463620000068,True,RELD_MOEL,RELD_MOEL,True,0.0,1.9635120361233902,False
train,8075,92,0.07195663452148438,0.07195663452148438,True,0.07195663450000112,True,RELD_MTL,RELD_MTL,True,0.0,0.8807789589103265,False
train,872,55,0.023330211639404297,0.023330211639404297,True,0.02333021170000027,True,RELD_MTL,RELD_MTL,True,0.0,0.31426217358657027,False
train,7377,88,-0.06653594970703125,-0.06653594970703125,True,-0.06653594970000043,True,RELD_MOEL,RELD_MOEL,True,0.0,0.5728814438291607,False
train,7009,86,0.13374996185302734,0.13374996185302734,True,0.13374996189999955,True,RELD_MTL,RELD_MTL,True,0.0,1.3921727796229817,False
train,2940,65,0.042066097259521484,0.042066097259521484,True,0.04206609720000021,True,RELD_MTL,RELD_MTL,True,0.0,0.5618389695662245,False
train,4088,71,-0.0866703987121582,-0.0866703987121582,True,-0.08667039869999993,True,RELD_MOEL,RELD_MOEL,True,0.0,1.4380453954459398,False
train,5417,78,0.17181968688964844,0.17181968688964844,True,0.17181968690000105,True,RELD_MTL,RELD_MTL,True,0.0,1.6990945004123006,False
train,700,54,0.1085653305053711,0.1085653305053711,True,0.10856533049999939,True,RELD_MOEL,RELD_MTL,False,1.22785018197884,1.2278501819213261,False
train,5037,76,-0.06305122375488281,-0.06305122375488281,True,-0.06305122379999872,True,RELD_MOEL,RELD_MOEL,True,0.0,0.6681276806342424,False
train,9107,97,-0.011397361755371094,-0.011397361755371094,True,-0.011397361700000275,True,RELD_MOEL,RELD_MOEL,True,0.0,0.10246209919895932,False
train,8806,95,-0.3552074432373047,-0.3552074432373047,True,-0.3552074431999994,True,RELD_MTL,RELD_MOEL,False,2.488767331105035,1.2461142868649802,False
train,4442,73,0.32172203063964844,0.32172203063964844,True,0.32172203060000015,True,RELD_MTL,RELD_MTL,True,0.0,2.9302946864323616,False
train,9475,99,-0.3942279815673828,-0.3942279815673828,True,-0.39422798150000027,True,RELD_MTL,RELD_MOEL,False,3.3995124967927337,3.399512496198412,False
train,726,54,-0.07115459442138672,-0.07115459442138672,True,-0.07115459439999938,True,RELD_MOEL,RELD_MOEL,True,0.0,1.0324792784199417,False
train,1178,56,0.42300987243652344,0.42300987243652344,True,0.4230098724999998,True,RELD_MOEL,RELD_MTL,False,4.537888511650556,4.537888512346825,False
train,4113,71,0.14067935943603516,0.14067935943603516,True,0.14067935939999998,True,RELD_MTL,RELD_MTL,True,0.0,1.6362734849649172,False
train,2901,65,-0.19654464721679688,-0.19654464721679688,True,-0.19654464719999964,True,RELD_MOEL,RELD_MOEL,True,0.0,2.087981492761216,False
train,8611,94,-0.2598094940185547,-0.2598094940185547,True,-0.25980949399999886,True,RELD_MTL,RELD_MOEL,False,2.526756649117967,2.526756648931311,False
train,2506,63,-0.3751106262207031,-0.3751106262207031,True,-0.3751106261999997,True,RELD_MOEL,RELD_MOEL,True,0.0,1.270607075467396,False
train,7301,88,0.12390422821044922,0.12390422821044922,True,0.12390422819999891,True,RELD_MOEL,RELD_MTL,False,1.2467146392508344,1.2467146391409614,False
train,8681,95,0.2175579071044922,0.2175579071044922,True,0.21755790709999978,True,RELD_MOEL,RELD_MTL,False,1.7209209204376297,0.32396547930875386,False
train,7496,89,-0.2535133361816406,-0.2535133361816406,True,-0.2535133361999993,True,RELD_MTL,RELD_MOEL,False,1.8710307251697422,1.8710307253113143,False
train,8958,96,0.16892433166503906,0.16892433166503906,True,0.16892433169999777,True,RELD_MOEL,RELD_MTL,False,1.0517089543164104,1.0517089545365224,False
train,5367,78,0.3327808380126953,0.3327808380126953,True,0.3327808379999997,True,RELD_MOEL,RELD_MTL,False,3.6671063671658954,0.6175564088043473,False
train,4412,73,0.14178848266601562,0.14178848266601562,True,0.1417884825999991,True,RELD_MOEL,RELD_MTL,False,1.1227612514004726,1.1227612508736513,False
train,3212,67,1.1719274520874023,1.1719274520874023,True,1.1719274520999994,True,RELD_MTL,RELD_MTL,True,0.0,13.901996391263253,False
train,540,53,-0.44586944580078125,-0.44586944580078125,True,-0.44586944580000054,True,RELD_MOEL,RELD_MOEL,True,0.0,4.6496113977361375,False
train,6243,82,0.21167278289794922,0.21167278289794922,True,0.2116727829000009,True,RELD_MOEL,RELD_MTL,False,1.9242478111795025,1.9242478111927568,False
train,1143,56,0.09193611145019531,0.09193611145019531,True,0.09193611139999902,True,RELD_MOEL,RELD_MTL,False,0.970655791251307,0.9706557907209117,False
train,7644,89,0.3526458740234375,0.3526458740234375,True,0.35264587400000025,True,RELD_MTL,RELD_MTL,True,0.0,1.2566513528274186,False
train,3442,68,-0.17072677612304688,-0.17072677612304688,True,-0.17072677610000042,True,RELD_MTL,RELD_MOEL,False,2.043938629321196,0.7657862346277255,False
train,7178,87,0.11276817321777344,0.11276817321777344,True,0.11276817320000099,True,RELD_MTL,RELD_MTL,True,0.0,1.1712151630310075,False
train,261,52,0.38816213607788086,0.38816213607788086,True,0.38816213610000005,True,RELD_MTL,RELD_MTL,True,0.0,4.920385957139217,False
train,4975,76,0.15731430053710938,0.15731430053710938,True,0.1573143004999995,True,RELD_MTL,RELD_MTL,True,0.0,0.2733240630833791,False
train,2763,65,-0.33617401123046875,-0.33617401123046875,True,-0.3361740113000007,True,RELD_MOEL,RELD_MOEL,True,0.0,1.3097579283598577,False
train,9425,99,0.41826629638671875,0.41826629638671875,True,0.41826629630000056,True,RELD_MTL,RELD_MTL,True,0.0,4.039170887172801,False
train,8408,93,0.09369277954101562,0.09369277954101562,True,0.09369277949999955,True,RELD_MTL,RELD_MTL,True,0.0,1.1658625970684398,False
train,1012,56,-0.0005154609680175781,-0.0005154609680175781,True,-0.0005154609999999948,True,RELD_MOEL,RELD_MOEL,True,0.0,0.006536103821346728,False
train,1377,58,0.04434394836425781,0.04434394836425781,True,0.04434394829999988,True,RELD_MTL,RELD_MTL,True,0.0,0.5694203459639056,False
train,7175,87,-0.030541419982910156,-0.030541419982910156,True,-0.030541420000000485,True,RELD_MTL,RELD_MOEL,False,0.250935572438693,0.2509355725793796,False
train,7243,87,-0.11993408203125,-0.11993408203125,True,-0.11993408210000034,True,RELD_MOEL,RELD_MOEL,True,0.0,0.43957358923766776,False
train,7852,91,-0.18176555633544922,-0.18176555633544922,True,-0.18176555630000024,True,RELD_MOEL,RELD_MOEL,True,0.0,0.5412890841890032,False
train,4245,72,-0.2578697204589844,-0.2578697204589844,True,-0.25786972050000045,True,RELD_MOEL,RELD_MOEL,True,0.0,2.361710172850323,False
train,8570,94,-0.23205947875976562,-0.23205947875976562,True,-0.2320594788000001,True,RELD_MTL,RELD_MOEL,False,2.2416078348860724,0.6646925672451687,False
train,6361,83,0.41001033782958984,0.41001033782958984,True,0.4100103377999993,True,RELD_MOEL,RELD_MTL,False,5.687716732187931,5.68771673178145,False
train,1591,59,-0.10515689849853516,-0.10515689849853516,True,-0.10515689849999976,True,RELD_MTL,RELD_MOEL,False,1.5933486418496345,1.593348641879075,False
train,9057,97,-0.345062255859375,-0.345062255859375,True,-0.3450622558999985,True,RELD_MTL,RELD_MOEL,False,2.7485169020298406,1.7784337929768839,False
train,5848,80,0.0970621109008789,0.0970621109008789,True,0.09706211089999961,True,RELD_MOEL,RELD_MTL,False,0.7601417080942863,0.760141708085456,False
train,1430,58,-0.08040332794189453,-0.08040332794189453,True,-0.08040332800000005,True,RELD_MOEL,RELD_MOEL,True,0.0,1.0345883779303762,False
train,4870,75,-0.004263877868652344,-0.004263877868652344,True,-0.004263877899999713,True,RELD_MOEL,RELD_MOEL,True,0.0,0.04599203757457815,False
train,8574,94,0.2964630126953125,0.2964630126953125,True,0.2964630127000003,True,RELD_MOEL,RELD_MTL,False,3.3066230639681837,2.3562497471340578,False
train,9651,100,-0.37884998321533203,-0.37884998321533203,True,-0.3788499832000003,True,RELD_MOEL,RELD_MOEL,True,0.0,1.343638373138873,False
train,2581,64,0.4192819595336914,0.4192819595336914,True,0.41928195960000103,True,RELD_MOEL,RELD_MTL,False,4.705754541333729,4.705754542103662,False
train,9332,98,-0.1300954818725586,-0.1300954818725586,True,-0.13009548189999975,True,RELD_MOEL,RELD_MOEL,True,0.0,1.6570568346783148,False
val,576,79,0.11610889434814453,0.11610889434814453,True,0.11610889439999994,True,RELD_MOEL,RELD_MTL,False,0.9720222940234002,0.9720222944585402,False
val,260,64,0.25814342498779297,0.25814342498779297,True,0.2581434249000001,True,RELD_MTL,RELD_MTL,True,0.0,1.409194463822331,False
val,8,51,-0.483644962310791,-0.483644962310791,True,-0.48364496229999965,True,RELD_MOEL,RELD_MOEL,True,0.0,9.416294411314112,False
val,873,95,-0.44694995880126953,-0.44694995880126953,True,-0.4469499588000012,True,RELD_MOEL,RELD_MOEL,True,0.0,3.026933554137372,False
val,868,95,0.05924797058105469,0.05924797058105469,True,0.05924797059999953,True,RELD_MTL,RELD_MTL,True,0.0,0.546635314898424,False
val,282,65,-0.21231746673583984,-0.21231746673583984,True,-0.21231746680000008,True,RELD_MOEL,RELD_MOEL,True,0.0,1.0152226923357546,False
val,769,89,0.1076345443725586,0.1076345443725586,True,0.10763454429999975,True,RELD_MTL,RELD_MTL,True,0.0,1.1991693367110656,False
val,205,61,-0.3267998695373535,-0.3267998695373535,True,-0.3267998695000003,True,RELD_MOEL,RELD_MOEL,True,0.0,4.356242853878257,False
val,969,100,-0.25974273681640625,-0.25974273681640625,True,-0.2597427367999998,True,RELD_MTL,RELD_MOEL,False,2.4672377173938553,2.4672377172411615,False
val,291,65,0.035696983337402344,0.035696983337402344,True,0.035696983299999374,True,RELD_MOEL,RELD_MTL,False,0.40181029864989615,0.4018102982275735,False
val,710,86,0.26244544982910156,0.26244544982910156,True,0.2624454498999995,True,RELD_MOEL,RELD_MTL,False,2.1742273542410206,0.9520431786472585,False
val,528,77,0.08089256286621094,0.08089256286621094,True,0.0808925629000008,True,RELD_MOEL,RELD_MTL,False,0.8191621873915311,0.8719935110442805,False
val,803,91,-0.04689311981201172,-0.04689311981201172,True,-0.046893119799999994,True,RELD_MTL,RELD_MOEL,False,0.4516356879542771,0.451635687839655,False
val,515,76,0.1772012710571289,0.1772012710571289,True,0.17720127100000127,True,RELD_MTL,RELD_MTL,True,0.0,1.5823456920592633,False
val,363,69,0.10903644561767578,0.10903644561767578,True,0.10903644570000104,True,RELD_MOEL,RELD_MTL,False,1.28832665598817,0.1824208260013762,False
val,185,60,-0.08874320983886719,-0.08874320983886719,True,-0.0887432098000005,True,RELD_MOEL,RELD_MOEL,True,0.0,0.8968705811057021,False
val,342,68,-0.6859922409057617,-0.6859922409057617,True,-0.685992240900001,True,RELD_MOEL,RELD_MOEL,True,0.0,6.169439019279736,False
val,410,71,0.2177743911743164,0.2177743911743164,True,0.21777439119999897,True,RELD_MOEL,RELD_MTL,False,1.886024965736488,0.8517188415984265,False
val,163,59,-0.18477725982666016,-0.18477725982666016,True,-0.18477725979999882,True,RELD_MOEL,RELD_MOEL,True,0.0,1.5358276688711925,False
val,128,57,-0.014473915100097656,-0.014473915100097656,True,-0.014473915099999957,True,RELD_MOEL,RELD_MOEL,True,0.0,0.17217292164562537,False
val,36,52,-0.08310222625732422,-0.08310222625732422,True,-0.08310222629999942,True,RELD_MOEL,RELD_MOEL,True,0.0,0.992692451658229,False
val,829,93,0.10846710205078125,0.10846710205078125,True,0.10846710210000055,True,RELD_MOEL,RELD_MTL,False,1.21717295165511,1.2171729522089834,False
val,103,56,0.08236122131347656,0.08236122131347656,True,0.08236122140000113,True,RELD_MOEL,RELD_MTL,False,1.002913677795303,1.0029136788549238,False
val,544,78,-0.08658599853515625,-0.08658599853515625,True,-0.08658599850000037,True,RELD_MTL,RELD_MOEL,False,0.5956469591183566,0.5956469588770545,False
val,28,52,0.08963966369628906,0.08963966369628906,True,0.08963966369999987,True,RELD_MOEL,RELD_MTL,False,0.8769479516826717,0.876947951717284,False
val,374,69,0.01140594482421875,0.01140594482421875,True,0.0114059447999999,True,RELD_MOEL,RELD_MTL,False,0.1060946591451728,0.10609465891971581,False
val,125,57,0.02279186248779297,0.02279186248779297,True,0.022791862500000093,True,RELD_MTL,RELD_MTL,True,0.0,0.33982671259124686,False
val,77,54,0.37063026428222656,0.37063026428222656,True,0.370630264299999,True,RELD_MOEL,RELD_MTL,False,3.488943100729336,3.4889431008923424,False
val,801,91,0.02958202362060547,0.02958202362060547,True,0.02958202359999973,True,RELD_MTL,RELD_MTL,True,0.0,0.43940835169694026,False
val,447,73,-0.36481571197509766,-0.36481571197509766,True,-0.3648157120000004,True,RELD_MOEL,RELD_MOEL,True,0.0,2.5974091581715726,False
val,55,53,-0.04721546173095703,-0.04721546173095703,True,-0.04721546170000046,True,RELD_MTL,RELD_MOEL,False,0.7678288862410065,0.7678288857396467,False
val,759,89,-0.23472023010253906,-0.23472023010253906,True,-0.23472023010000065,True,RELD_MOEL,RELD_MOEL,True,0.0,2.165609534210816,False
val,904,96,0.20934295654296875,0.20934295654296875,True,0.20934295650000045,True,RELD_MTL,RELD_MTL,True,0.0,1.802478234759917,False
val,340,68,0.5074529647827148,0.5074529647827148,True,0.5074529646999997,True,RELD_MTL,RELD_MTL,True,0.0,8.4002193254547,False
val,575,79,-0.15796184539794922,-0.15796184539794922,True,-0.1579618454000009,True,RELD_MTL,RELD_MOEL,False,1.9275694272953725,0.605345360763863,False
val,688,85,-0.06019401550292969,-0.06019401550292969,True,-0.0601940154999987,True,RELD_MOEL,RELD_MOEL,True,0.0,0.5274748563752496,False
val,182,60,0.05380439758300781,0.05380439758300781,True,0.05380439760000044,True,RELD_MOEL,RELD_MTL,False,0.6381446682943936,0.6381446684987679,False
val,139,57,-0.35948610305786133,-0.35948610305786133,True,-0.35948610310000007,True,RELD_MTL,RELD_MOEL,False,5.5403570946689795,5.540357095312245,False
val,822,92,0.39235401153564453,0.39235401153564453,True,0.39235401160000016,True,RELD_MTL,RELD_MTL,True,0.0,2.799472132242741,False
val,789,90,0.017698287963867188,0.017698287963867188,True,0.017698288000000062,True,RELD_MOEL,RELD_MTL,False,0.1589574011638284,0.15895740148854998,False
val,978,100,-0.09038829803466797,-0.09038829803466797,True,-0.0903882981000006,True,RELD_MTL,RELD_MOEL,False,0.7432994704229534,0.2523227797342571,False
val,401,71,-0.1229104995727539,-0.1229104995727539,True,-0.12291049959999967,True,RELD_MTL,RELD_MOEL,False,1.3297808127984867,1.3297808130974431,False
val,79,54,0.15802764892578125,0.15802764892578125,True,0.1580276489000001,True,RELD_MTL,RELD_MTL,True,0.0,3.2237900227608804,False
val,673,84,-0.2126007080078125,-0.2126007080078125,True,-0.21260070800000008,True,RELD_MTL,RELD_MOEL,False,1.8751326895597664,1.8751326894894902,False
val,262,64,-0.1172037124633789,-0.1172037124633789,True,-0.11720371250000028,True,RELD_MOEL,RELD_MOEL,True,0.0,1.1848504356249805,False
val,950,99,-0.6207170486450195,-0.6207170486450195,True,-0.6207170486000013,True,RELD_MOEL,RELD_MOEL,True,0.0,0.8283691383394824,False
val,648,83,0.13431930541992188,0.13431930541992188,True,0.13431930550000004,True,RELD_MTL,RELD_MTL,True,0.0,1.3339526201197458,False
val,456,73,-0.09935760498046875,-0.09935760498046875,True,-0.09935760489999979,True,RELD_MTL,RELD_MOEL,False,1.0371187244307745,1.0371187235873833,False
val,352,68,0.005072593688964844,0.005072593688964844,True,0.005072593700000461,True,RELD_MTL,RELD_MTL,True,0.0,0.07500214700937136,False
val,808,91,-0.0070438385009765625,-0.0070438385009765625,True,-0.007043838499999566,True,RELD_MOEL,RELD_MOEL,True,0.0,0.06989150445375003,False
val,331,67,-0.2267932891845703,-0.2267932891845703,True,-0.22679328919999975,True,RELD_MOEL,RELD_MOEL,True,0.0,0.5589516805180068,False
val,369,69,-0.30899906158447266,-0.30899906158447266,True,-0.3089990615999998,True,RELD_MOEL,RELD_MOEL,True,0.0,1.1271134652701704,False
val,695,85,-0.20485496520996094,-0.20485496520996094,True,-0.2048549652000009,True,RELD_MTL,RELD_MOEL,False,2.4854320492833093,1.9115886630293915,False
val,583,80,-0.12746191024780273,-0.12746191024780273,True,-0.1274619103000001,True,RELD_MTL,RELD_MOEL,False,1.5947280970309174,1.5947280976872804,False
val,588,80,0.1578359603881836,0.1578359603881836,True,0.15783596039999992,True,RELD_MTL,RELD_MTL,True,0.0,2.5780090624665064,False
val,918,97,0.15645599365234375,0.15645599365234375,True,0.15645599359999807,True,RELD_MOEL,RELD_MTL,False,0.9700914105494229,0.9700914102233895,False
val,757,89,-0.0380706787109375,-0.0380706787109375,True,-0.03807067880000048,True,RELD_MTL,RELD_MOEL,False,0.5204730933533463,0.5204730945743847,False
val,764,89,0.0639801025390625,0.0639801025390625,True,0.06398010249999864,True,RELD_MTL,RELD_MTL,True,0.0,0.5088537277474074,False
val,48,53,-0.4913959503173828,-0.4913959503173828,True,-0.4913959502999994,True,RELD_MOEL,RELD_MOEL,True,0.0,6.2845042412910175,False
val,390,70,0.09540843963623047,0.09540843963623047,True,0.0954084395999999,True,RELD_MOEL,RELD_MTL,False,1.4999535214266224,1.4999535208587815,False
val,886,96,0.25414276123046875,0.25414276123046875,True,0.2541427612999989,True,RELD_MTL,RELD_MTL,True,0.0,1.4307496718180204,False
val,127,57,-0.4078683853149414,-0.4078683853149414,True,-0.40786838530000047,True,RELD_MOEL,RELD_MOEL,True,0.0,4.619540649979143,False
val,563,79,-0.40268802642822266,-0.40268802642822266,True,-0.4026880263999999,True,RELD_MTL,RELD_MOEL,False,4.2703555614168165,4.27035556111079,False
val,29,52,0.012667655944824219,0.012667655944824219,True,0.012667655900000518,True,RELD_MOEL,RELD_MTL,False,0.19787340094665762,0.1978734002455269,False
