comparison,seed,summary,ce,top1,mean_cost,vs_sbs_pct,actual_regret_pct,gap_gt_0_1_top1,gap_gt_0_1_actual_regret_pct,gap_gt_0_5_top1,gap_gt_0_5_actual_regret_pct,expected_mean_cost,expected_regret_pct
R38B - R38A,2,final,-0.006780743598937988,0.013000000000000012,-0.0002821309398335359,-0.0035453371451499294,0.0002392677101473728,0.013106159895150682,-0.003420170016598001,0.017301038062283725,0.03859876213536384,-0.0011902270977932616,-0.01718532736919376
R38B - R38A,3,final,-0.006767153739929199,0.013000000000000012,-0.0010726299843852871,-0.013478971604063972,-0.011706583070910215,0.011795543905635641,-0.019064677987899903,0.024221453287197214,-0.014268566784505055,-0.0011370606461884591,-0.016216965293765484
R38B - R38A,4,final,-0.008138179779052734,0.01200000000000001,-0.0007077926516894095,-0.00889432254604916,-0.00852376074711303,0.009174311926605505,-0.012830228927396381,0.017301038062283725,0.002751620507834396,-0.0010931237750870793,-0.01533193563223334
R38B - R34,2,final,-0.007565736770629883,0.014000000000000012,-7.277451413223446e-05,-0.0009145051171111085,0.002118578409629812,0.011795543905635641,-0.0004863653223227127,0.017301038062283725,0.04002452252257416,-0.0014046859519476484,-0.018766337380671683
R38B - R34,3,final,-0.007837176322937012,0.015000000000000013,-0.0006122585736960673,-0.007693814315590242,-0.0064931069061145985,0.011795543905635641,-0.011761062723096072,0.02076124567474047,0.005556113302611632,-0.001378170153276237,-0.01829167896262507
R38B - R34,4,final,-0.009173870086669922,0.01200000000000001,-0.000412473081329523,-0.005183253341423111,-0.004870744065553878,0.007863695937090465,-0.009418095513539226,0.01384083044982698,0.014116861085596955,-0.0013654021482123468,-0.01782753998557185
R38B - R37B,2,final,-0.017487168312072754,0.006000000000000005,-0.0005045752410124393,-0.006340635116230953,-0.00278222621537616,0.013106159895150682,0.004885999165495369,0.017301038062283725,0.03945122174750393,0.0014737213293303242,0.019154538724594272
R38B - R37B,3,final,-0.01775968074798584,0.0,-0.0013741106073181797,-0.0172674623369784,-0.016825048453636526,0.005242463958060273,-0.014278705033207384,0.010380622837370235,-0.029627883421497914,0.0014191026620844482,0.018241932658586202
R38B - R37B,4,final,-0.0211867094039917,-0.0010000000000000009,-0.00039159356951667945,-0.004920875493585886,-0.004896549468083156,0.001310615989515096,0.003980719970503532,0.010380622837370235,0.021977485717004086,0.0017107971231151708,0.02332532630841111
R38A - R37A,2,final,-0.011409640312194824,0.007000000000000006,-0.0020955126811585956,-0.026332804729001236,-0.02652777744938506,0.006553079947575369,-0.020360503734840774,0.020761245674740525,-0.061493671217114576,0.0011304608678672778,0.015359781304125186
R38A - R37A,3,final,-0.011154890060424805,0.0040000000000000036,-0.0019313495187329721,-0.024269884022898314,-0.02522383183746224,0.005242463958060273,-0.018479047002243343,0.01730103806228378,-0.05333723228907816,0.0010105608842074787,0.01317155205642695
R38A - R37A,4,final,-0.0135117769241333,0.0040000000000000036,-0.0023719649133964182,-0.02980678162918249,-0.029278149891722616,0.005242463958060328,-0.026403731666066133,0.01730103806228378,-0.07027836937493759,0.001153532904046628,0.01588854153233643
R38B - R38A,2,last5,-0.0066349983215330255,0.012400000000000022,-0.0003995290552314401,-0.00502059505035346,-0.0015617430968442036,0.012057667103538616,-0.006109792925981128,0.017993079584774974,0.02760325476559189,-0.0011632222806090553,-0.01682870850593532
R38B - R38A,3,last5,-0.00663580894470206,0.014000000000000012,-0.0005680612262040086,-0.007138417952896603,-0.006393818668918083,0.012581913499344732,-0.010893692839353375,0.020761245674740414,0.0029687074820586856,-0.0011016282085609674,-0.015687591706302628
R38B - R38A,4,last5,-0.007941889762878462,0.012399999999999967,-0.0007456419047509044,-0.009369946959585373,-0.008685457262185503,0.00996068152031454,-0.013825461535359573,0.01730103806228367,0.0030316570017584477,-0.0010566720533873308,-0.014941334919818416
R38B - R34,2,last5,-0.0075682640075682706,0.014000000000000012,-0.00032948437384217044,-0.004140393783187424,-0.000932704636210202,0.011533420707732556,-0.0048146150191876735,0.01730103806228367,0.030596511382055658,-0.0014055668291419465,-0.018868229719640306
R38B - R34,3,last5,-0.007437968254089267,0.015199999999999991,-0.00037196790596727425,-0.004674253857464006,-0.004154553586385279,0.011795543905635697,-0.007857389915401525,0.01868512110726639,0.011839843981042764,-0.001360116290254787,-0.01794980875312102
R38B - R34,4,last5,-0.009049868583679288,0.01319999999999999,-0.0005594312982042382,-0.007029971838081739,-0.006562320316805814,0.008912188728702475,-0.011310621745038496,0.015224913494809644,0.010000705694443113,-0.0013237625571607126,-0.01738393018906459
R38B - R37B,2,last5,-0.016846299171447754,0.0048000000000000265,-0.00036484840281580944,-0.004584788168287002,-0.000994428349351928,0.011271297509829525,0.007138746111884697,0.01314878892733562,0.03805386252714049,0.001481050059852329,0.01924739505808426
R38B - R37B,3,last5,-0.0172260761260985,0.0041999999999999815,-0.0007077589860919886,-0.008893899494621937,-0.00669754647032994,0.01022280471821757,-0.00011099197596042831,0.01730103806228367,-0.005723916360907522,0.0015116348779882216,0.0199681919898822
R38B - R37B,4,last5,-0.019005608558654963,0.0018000000000000238,-0.0004550131750349351,-0.005717824184516829,-0.004729184947542597,0.004193971166448207,0.0045483178094354315,0.0117647058823529,0.02723343480423268,0.0015966188842808648,0.021734187060511778
R38A - R37A,2,last5,-0.011204290390014693,0.007199999999999929,-0.002298551330556897,-0.02888424579405857,-0.028857305412857914,0.007077326343381374,-0.023273387309360016,0.019377162629757805,-0.06625680376915,0.0011223657513372842,0.015472066795575223
R38A - R37A,3,last5,-0.011677026748657227,0.0015999999999999903,-0.001973818948729722,-0.024803566885869266,-0.025960874327437655,0.0028833551769331667,-0.022770864918060463,0.016608996539792475,-0.0658145166512647,0.0010882386195492089,0.014604954417309246
R38A - R37A,4,last5,-0.01222538948059082,0.0046000000000000485,-0.0024023838077047444,-0.03018903405412665,-0.03051117150631666,0.004718217562254268,-0.026172865942058254,0.0186851211072665,-0.06889123005221409,0.0010609603658036093,0.014510903469162839
