seed,old_solver,new_solver,n,net_correct,sum_cost_change,contribution_mean_cost,contribution_actual_regret_pct
2,BQ,DIFUSCO500,6,0,-0.07479043778863215,-7.479043778863215e-05,-0.0010016623478928566
2,BQ,ELG,2,0,-0.021629810333251953,-2.1629810333251952e-05,-0.0006188612460515362
2,BQ,LEHD,3,-2,0.46682071685791016,0.00046682071685791017,0.006616615447597061
2,BQ,T2T,9,1,-0.9095874828772237,-0.0009095874828772237,-0.015875719895684943
2,BQ,T2T500,16,0,-0.8258655260999319,-0.0008258655260999319,-0.009287296718718361
2,DIFUSCO500,BQ,5,1,0.0023966365958125735,2.3966365958125735e-06,-0.00030361428352269925
2,DIFUSCO500,ELG,1,0,-0.13872793240763048,-0.0001387279324076305,-0.0022724927072609916
2,DIFUSCO500,LEHD,1,0,-0.009853382242075881,-9.85338224207588e-06,-0.00014192234916694102
2,DIFUSCO500,T2T,3,1,-0.18044689838289418,-0.00018044689838289419,-0.002689881533763036
2,DIFUSCO500,T2T500,8,2,0.2340843217119195,0.00023408432171191952,0.002866782957879245
2,ELG,BQ,29,5,1.1880953311920166,0.0011880953311920166,0.020809622186910744
2,ELG,T2T,2,-1,0.13146966020011774,0.00013146966020011774,0.0023549119587131973
2,ELG,T2T500,2,1,-0.08024019481018962,-8.024019481018963e-05,-0.0018828325901014877
2,LEHD,BQ,1,1,-0.08613014221191406,-8.613014221191406e-05,-0.0012187578922751297
2,T2T,BQ,1,0,-0.1225733968880931,-0.0001225733968880931,-0.0015116924332334236
2,T2T,DIFUSCO500,2,-1,-0.008947112391059164,-8.947112391059164e-06,-0.0001829703257416704
2,T2T,LEHD,2,0,-0.07356397069127141,-7.356397069127141e-05,-0.0010477310488863798
2,T2T,T2T500,1,-1,0.042013084755572194,4.2013084755572195e-05,0.0005371347654207812
2,T2T500,BQ,29,3,0.6461912791530624,0.0006461912791530624,0.007398679354401068
2,T2T500,DIFUSCO,1,-1,0.03663264892362328,3.6632648923623276e-05,0.0006781952241802651
2,T2T500,DIFUSCO500,18,-1,0.37083358309217207,0.0003708335830921721,0.003262721970508574
2,T2T500,LEHD,2,0,-0.0773797170550461,-7.73797170550461e-05,-0.0007276954181510202
2,T2T500,T2T,5,0,-0.07700053142368457,-7.700053142368457e-05,-0.0008607284501543697
3,BQ,DIFUSCO500,6,0,-0.07479043778863215,-7.479043778863215e-05,-0.0010016623478928566
3,BQ,ELG,1,1,-0.07323265075683594,-7.323265075683594e-05,-0.0014752044999596571
3,BQ,LEHD,5,0,0.0030298233032226562,3.0298233032226563e-06,-9.010516854828554e-05
3,BQ,T2T,7,1,-0.5276234993259106,-0.0005276234993259105,-0.009082886468799229
3,BQ,T2T500,12,3,-0.583844250080654,-0.000583844250080654,-0.005256040578433544
3,DIFUSCO500,BQ,5,1,0.0023966365958125735,2.3966365958125735e-06,-0.00030361428352269925
3,DIFUSCO500,ELG,2,0,-0.1689276266764983,-0.0001689276266764983,-0.002898447665925947
3,DIFUSCO500,LEHD,1,0,-0.009853382242075881,-9.85338224207588e-06,-0.00014192234916694102
3,DIFUSCO500,T2T,1,1,-0.04207204714939028,-4.207204714939028e-05,-0.0006403478575038122
3,DIFUSCO500,T2T500,8,2,0.2340843217119195,0.00023408432171191952,0.002866782957879245
3,ELG,BQ,33,5,1.2246053218841553,0.0012246053218841553,0.021513335296652808
3,ELG,DIFUSCO500,1,1,-0.05471869325963663,-5.471869325963663e-05,-0.0010238831242725612
3,ELG,T2T,1,-1,0.11319438222865053,0.00011319438222865052,0.00201294932050491
3,ELG,T2T500,2,1,-0.08024019481018962,-8.024019481018963e-05,-0.0018828325901014877
3,LEHD,BQ,1,1,-0.08613014221191406,-8.613014221191406e-05,-0.0012187578922751297
3,T2T,BQ,2,1,-0.29789046243382256,-0.00029789046243382255,-0.003946446795965097
3,T2T,DIFUSCO500,4,-1,-0.031248331423769038,-3.124833142376904e-05,-0.0005973315076351283
3,T2T,LEHD,1,0,0.046802857580288126,4.6802857580288124e-05,0.0006238897904774376
3,T2T,T2T500,1,-1,0.042013084755572194,4.2013084755572195e-05,0.0005371347654207812
3,T2T500,BQ,31,3,0.6145532511956793,0.0006145532511956793,0.006954555079390097
3,T2T500,DIFUSCO,1,-1,0.03663264892362328,3.6632648923623276e-05,0.0006781952241802651
3,T2T500,DIFUSCO500,18,-2,0.47710579340799253,0.00047710579340799254,0.004523213738516794
3,T2T500,LEHD,3,0,0.056849858698324596,5.6849858698324595e-05,0.0009676200293642562
3,T2T500,T2T,5,0,-0.058844228504658425,-5.8844228504658427e-05,-0.0007862515248623163
4,BQ,DIFUSCO500,6,0,-0.05294744868532497,-5.294744868532497e-05,-0.0006372660791332547
4,BQ,ELG,2,-1,0.05331754684448242,5.331754684448242e-05,0.0009909093603719893
4,BQ,LEHD,3,-1,0.4565606117248535,0.0004565606117248535,0.006595419234681379
4,BQ,T2T,7,1,-0.8986011167231629,-0.0008986011167231629,-0.01571750802288334
4,BQ,T2T500,17,3,-1.4717805802073816,-0.0014717805802073815,-0.016692965026789488
4,DIFUSCO500,BQ,4,1,0.033386521920973244,3.3386521920973245e-05,-1.4547021755678354e-05
4,DIFUSCO500,ELG,1,0,-0.13872793240763048,-0.0001387279324076305,-0.0022724927072609916
4,DIFUSCO500,LEHD,1,0,-0.009853382242075881,-9.85338224207588e-06,-0.00014192234916694102
4,DIFUSCO500,T2T,3,1,-0.18044689838289418,-0.00018044689838289419,-0.002689881533763036
4,DIFUSCO500,T2T500,9,3,0.10588607932271366,0.00010588607932271365,0.0011445241378809125
4,ELG,BQ,30,6,1.0936472415924072,0.0010936472415924072,0.01900825459700281
4,ELG,T2T,2,-1,0.13146966020011774,0.00013146966020011774,0.0023549119587131973
4,ELG,T2T500,2,1,-0.08024019481018962,-8.024019481018963e-05,-0.0018828325901014877
4,LEHD,BQ,1,1,-0.08613014221191406,-8.613014221191406e-05,-0.0012187578922751297
4,T2T,BQ,1,0,-0.1225733968880931,-0.0001225733968880931,-0.0015116924332334236
4,T2T,DIFUSCO500,3,-1,0.04038671729412613,4.038671729412613e-05,0.000702522144327439
4,T2T,LEHD,2,0,-0.07356397069127141,-7.356397069127141e-05,-0.0010477310488863798
4,T2T,T2T500,1,-1,0.042013084755572194,4.2013084755572195e-05,0.0005371347654207812
4,T2T500,BQ,29,4,0.7801593448037991,0.0007801593448037991,0.008592474136453407
4,T2T500,DIFUSCO,1,-1,0.03663264892362328,3.6632648923623276e-05,0.0006781952241802651
4,T2T500,DIFUSCO500,17,-3,0.5731928634570291,0.0005731928634570291,0.00607332900211175
4,T2T500,LEHD,2,0,-0.0773797170550461,-7.73797170550461e-05,-0.0007276954181510202
4,T2T500,T2T,6,1,-0.17528705234732467,-0.00017528705234732468,-0.002096577035214506
