chunk_id,start_t,end_t,mean_avg_loss,mean_last_loss,mean_max_loss,mean_min_loss
0,1,200,0.050847055,0.04730902000000001,0.253472205,0.0006923599999999999
1,201,400,0.031706319999999996,0.031224415,0.16720233499999998,0.000345435
2,401,600,0.036553285,0.036068539999999996,0.21608739,0.00045475
3,601,800,0.035901804999999995,0.032398790000000004,0.210704745,0.0005565399999999999
4,801,1000,0.03257733,0.03518241,0.16764181,0.0005277400000000001
5,1001,1200,0.032410845,0.028640504999999997,0.158688995,0.00041883
6,1201,1400,0.030552780000000005,0.02912947,0.14300108,0.000545385
7,1401,1600,0.030370369999999997,0.03330624,0.14054229000000001,0.00054246
8,1601,1800,0.029053035,0.02669903,0.12870233,0.000510885
9,1801,2000,0.03053967,0.030436815,0.13607222,0.000612995
10,2001,2200,0.029360549999999996,0.030020875,0.14058112,0.000568915
11,2201,2400,0.029345445000000005,0.028160045,0.1355928,0.00048551999999999997
12,2401,2600,0.02916746,0.0290644,0.13378020499999999,0.00055461
13,2601,2800,0.028881325000000003,0.024951454999999997,0.13193143000000002,0.00047070500000000003
14,2801,3000,0.02735345,0.027478815,0.11198707,0.00048599000000000005
15,3001,3200,0.02819807,0.024251719999999997,0.12236166999999998,0.00048057000000000004
16,3201,3400,0.028288135,0.027997865,0.11641789000000001,0.00053935
17,3401,3600,0.027815070000000004,0.03070312,0.117297,0.00052427
18,3601,3800,0.028119690000000003,0.024262094999999997,0.118430225,0.000568585
19,3801,4000,0.026769675,0.025533305,0.112183325,0.000349375
20,4001,4200,0.026667114999999998,0.026179305,0.106436855,0.00041985000000000004
21,4201,4400,0.025282174999999997,0.024887415000000003,0.09442219999999998,0.000382125
22,4401,4600,0.027811899999999997,0.033855985000000005,0.1293079,0.00057843
23,4601,4800,0.027331054999999996,0.024196545,0.11426583999999998,0.00045922000000000004
24,4801,5000,0.026429195000000003,0.02827122,0.10173702999999999,0.00043805499999999997
25,5001,5200,0.02583826,0.023220135000000003,0.100062415,0.00041633500000000004
26,5201,5400,0.02596864,0.028648664999999997,0.09859865,0.00048911
27,5401,5600,0.026212905,0.025292925000000004,0.107619815,0.00036233
28,5601,5800,0.025752235,0.024233960000000002,0.10099127000000001,0.000461785
29,5801,6000,0.02531498,0.025140800000000005,0.102152345,0.0003726
30,6001,6200,0.02594252,0.024181705,0.098329195,0.00045163999999999995
31,6201,6400,0.02493548,0.026729370000000002,0.09350151500000001,0.00032409
32,6401,6600,0.026564939999999995,0.027222165,0.10762701,0.00047773499999999997
33,6601,6800,0.02549526,0.024794174999999998,0.10431275499999998,0.00038905499999999997
34,6801,7000,0.02583475,0.026113149999999998,0.09817928999999999,0.000537315
35,7001,7200,0.026175820000000002,0.022573909999999996,0.10601029499999999,0.000451225
36,7201,7400,0.026842075,0.023870914999999996,0.10108435,0.000505925
37,7401,7600,0.025721464999999995,0.02909969,0.099014605,0.000436425
38,7601,7800,0.02587688,0.028569709999999998,0.10180107,0.00040881
39,7801,8000,0.025039685,0.0269565,0.09447921000000001,0.000479455
40,8001,8200,0.025527099999999997,0.025940485,0.09994733500000001,0.00044201500000000003
41,8201,8400,0.025435485,0.022557144999999997,0.09252088,0.0004636949999999999
42,8401,8600,0.025823770000000003,0.026622530000000002,0.10018396000000002,0.0004103899999999999
43,8601,8800,0.02575146,0.028312605,0.10385916999999999,0.000425015
44,8801,9000,0.025521659999999998,0.025558255000000002,0.097594365,0.00040192499999999997
45,9001,9200,0.026259555,0.02767366,0.0997139,0.00048102500000000005
46,9201,9400,0.025969600000000002,0.025879165,0.093753845,0.00043759500000000004
47,9401,9600,0.02552385,0.027664,0.099255345,0.00040113
48,9601,9710,0.02624087272727273,0.026201845454545455,0.09549236363636365,0.0003812636363636364
