uid,problem,greedy_arm,greedy_score,greedy_regret,ucb_arm,ucb_score,ucb_regret,best_arm,best_cost
cvrp:1010,cvrp,lehd,0.8353652921021251,0.0,icam,0.8589457502311325,0.28839874267578125,lehd,18.030580520629883
cvrp:102,cvrp,elg,0.8459859855848492,0.020196914672851562,lehd,0.9139968554054946,0.0743408203125,icam,15.36668586730957
cvrp:1027,cvrp,icam,0.829254125969367,0.0,elg,0.8888263244172718,0.05947589874267578,icam,13.003301620483398
cvrp:106,cvrp,icam,0.8309771452602639,0.057541847229003906,lehd,0.8542374876574259,0.051605224609375,omni,13.589449882507324
cvrp:1079,cvrp,elg,0.7801062758467723,0.08496475219726562,icam,0.8018194173302093,0.0,icam,19.45667266845703
cvrp:1139,cvrp,elg,0.83013802428984,0.04283714294433594,lehd,0.8561125199461004,0.08547782897949219,icam,18.019506454467773
cvrp:1243,cvrp,lehd,0.8966655982977629,0.0,icam,0.9568978939059078,0.02789306640625,lehd,17.670795440673828
cvrp:1244,cvrp,lehd,0.9043651518460921,0.0,icam,0.9524591221294157,0.0928802490234375,lehd,15.188339233398438
cvrp:1288,cvrp,lehd,0.8786778164502871,0.2046661376953125,icam,0.9317647172051119,0.09354400634765625,elg,20.455551147460938
cvrp:1298,cvrp,icam,0.9051340766886213,0.18745994567871094,elg,0.977686715762781,0.0,elg,18.091629028320312
cvrp:1320,cvrp,elg,0.8639664361329287,0.0,icam,0.8887201663414642,0.12037467956542969,elg,16.24195671081543
cvrp:1402,cvrp,elg,0.7861486850420373,0.2653331756591797,lehd,0.852895763153553,0.0,lehd,16.20256805419922
cvrp:1493,cvrp,elg,0.7048611115530323,0.07420730590820312,lehd,0.8064563905546898,0.026866912841796875,icam,18.190746307373047
cvrp:1505,cvrp,icam,0.6686784933313163,0.006146430969238281,omni,0.7362324124855423,0.0,omni,13.581478118896484
cvrp:1530,cvrp,lehd,0.9584062037832557,0.10687923431396484,icam,1.001669131023691,0.0,icam,14.160682678222656
cvrp:159,cvrp,icam,0.9007362514231954,0.0,elg,0.9569711750221366,0.008718490600585938,icam,16.6153564453125
cvrp:1611,cvrp,elg,0.83154517215327,0.0,icam,0.8542042650199348,0.03455352783203125,elg,16.31763458251953
cvrp:1623,cvrp,lehd,0.8268743839059863,0.0,icam,0.8578096291598969,0.26953983306884766,lehd,15.257770538330078
cvrp:1683,cvrp,lehd,0.8788230810647981,0.1307525634765625,icam,0.937782364045771,0.04452705383300781,elg,12.407222747802734
cvrp:1736,cvrp,lehd,0.7983344165490517,0.705535888671875,icam,0.8379597358705411,0.0,icam,18.275806427001953
