scope,arm,count,mean_reward,mean_regret,top1_rate,mean_cost
cvrp,lehd,3586,0.8367062385467242,0.08796706707598574,0.4205242610150586,15.858771256608
cvrp,icam,2388,0.8278894472361986,0.08914412964927891,0.2860134003350084,15.897115072812667
cvrp,elg,994,0.817620005748775,0.08776038321450923,0.2515090543259557,15.907690546162412
cvrp,omni,25,0.6514285714285712,0.2169627380371094,0.04,15.919853172302247
cvrp,dact,4,0.2142857142857143,5.01173734664917,0.0,20.282692432403564
cvrp,invit,1,0.4285714285714286,0.9706821441650391,0.0,17.5730037689209
cvrp,lih,1,0.2857142857142857,3.3538951873779297,0.0,19.41560173034668
cvrp,udc,1,0.0,6.183141708374023,0.0,21.233707427978516
tsp,icam,3036,0.8633518984309616,0.00943361849024676,0.3119235836627141,7.786668944107528
tsp,pointerformer,2305,0.8560836126996738,0.010220039847616002,0.14273318872017354,7.768407726494712
tsp,lehd,1388,0.8404506156667587,0.010234433567146059,0.3523054755043228,7.76240153924189
tsp,elg,245,0.7693877551020392,0.016984289519640865,0.09795918367346938,7.793648433685303
tsp,dact,9,0.19191919191919188,1.7893568674723308,0.0,9.575403531392416
tsp,omni,8,0.5340909090909091,0.12721270322799683,0.0,7.880437731742859
tsp,udc,4,0.11363636363636365,2.318262219429016,0.0,10.036645650863647
tsp,invit,2,0.4545454545454546,0.17322564125061035,0.0,8.100257873535156
tsp,difusco,1,0.6363636363636364,0.06211233139038086,0.0,7.70019006729126
tsp,glop,1,0.36363636363636365,1.082899570465088,0.0,8.386804580688477
tsp,t2t,1,0.2727272727272727,0.8975610733032227,0.0,8.299823760986328
