scope,arm,count,fraction
tsp,icam,3036,0.4337142857142857
tsp,pointerformer,2305,0.3292857142857143
tsp,lehd,1388,0.1982857142857143
tsp,elg,245,0.035
tsp,dact,9,0.0012857142857142856
tsp,omni,8,0.001142857142857143
tsp,udc,4,0.0005714285714285715
tsp,invit,2,0.00028571428571428574
tsp,difusco,1,0.00014285714285714287
tsp,t2t,1,0.00014285714285714287
tsp,glop,1,0.00014285714285714287
cvrp,lehd,3586,0.5122857142857142
cvrp,icam,2388,0.34114285714285714
cvrp,elg,994,0.142
cvrp,omni,25,0.0035714285714285713
cvrp,dact,4,0.0005714285714285715
cvrp,lih,1,0.00014285714285714287
cvrp,udc,1,0.00014285714285714287
cvrp,invit,1,0.00014285714285714287
