method	variant	kind	instance	n	edge_weight_type	optimal	score	aug_score	gap	aug_gap	aug_factor	primary_gap	time_sec
dact	dact_0	tsv	a280	280	EUC_2D	2579			37.417604	37.417604		37.417604	0.043
dact	dact_0	tsv	berlin52	52	EUC_2D	7542			19.066561	19.066561		19.066561	0.008
dact	dact_0	tsv	bier127	127	EUC_2D	118282			22.782841	22.782841		22.782841	0.018
dact	dact_0	tsv	ch130	130	EUC_2D	6110			24.026187	24.026187		24.026187	0.019
dact	dact_0	tsv	ch150	150	EUC_2D	6528			25.474877	25.474877		25.474877	0.023
dact	dact_0	tsv	d1291	1291	EUC_2D	50801			24.80463	24.80463		24.80463	0.203
dact	dact_0	tsv	d198	198	EUC_2D	15780			18.060837	18.060837		18.060837	0.029
dact	dact_0	tsv	d493	493	EUC_2D	35002			24.655734	24.655734		24.655734	0.071
dact	dact_0	tsv	d657	657	EUC_2D	48912			24.865064	24.865064		24.865064	0.096
dact	dact_0	tsv	eil101	101	EUC_2D	629			33.068362	33.068362		33.068362	0.015
dact	dact_0	tsv	eil51	51	EUC_2D	426			19.953052	19.953052		19.953052	0.008
dact	dact_0	tsv	eil76	76	EUC_2D	538			31.040892	31.040892		31.040892	0.011
dact	dact_0	tsv	fl1400	1400	EUC_2D	20127			32.906047	32.906047		32.906047	0.22
dact	dact_0	tsv	fl1577	1577	EUC_2D	22249			23.758371	23.758371		23.758371	0.251
dact	dact_0	tsv	fl417	417	EUC_2D	11861			31.152517	31.152517		31.152517	0.06
dact	dact_0	tsv	gil262	262	EUC_2D	2378			35.029437	35.029437		35.029437	0.038
dact	dact_0	tsv	kroA100	100	EUC_2D	21282			26.18175	26.18175		26.18175	0.015
dact	dact_0	tsv	kroA150	150	EUC_2D	26524			26.722968	26.722968		26.722968	0.022
dact	dact_0	tsv	kroA200	200	EUC_2D	29368			21.880959	21.880959		21.880959	0.029
dact	dact_0	tsv	kroB100	100	EUC_2D	22141			31.692335	31.692335		31.692335	0.015
dact	dact_0	tsv	kroB150	150	EUC_2D	26130			25.621891	25.621891		25.621891	0.022
dact	dact_0	tsv	kroB200	200	EUC_2D	29437			25.610626	25.610626		25.610626	0.029
dact	dact_0	tsv	kroC100	100	EUC_2D	20749			26.883223	26.883223		26.883223	0.015
dact	dact_0	tsv	kroD100	100	EUC_2D	21294			26.547384	26.547384		26.547384	0.015
dact	dact_0	tsv	kroE100	100	EUC_2D	22068			25.0	25.0		25.0	0.015
dact	dact_0	tsv	lin105	105	EUC_2D	14379			41.567564	41.567564		41.567564	0.015
dact	dact_0	tsv	lin318	318	EUC_2D	42029			28.527921	28.527921		28.527921	0.045
dact	dact_0	tsv	nrw1379	1379	EUC_2D	56638			23.607825	23.607825		23.607825	0.215
dact	dact_0	tsv	p654	654	EUC_2D	34643			33.816355	33.816355		33.816355	0.096
dact	dact_0	tsv	pcb1173	1173	EUC_2D	56892			22.663995	22.663995		22.663995	0.179
dact	dact_0	tsv	pcb442	442	EUC_2D	50778			21.052424	21.052424		21.052424	0.063
dact	dact_0	tsv	pr1002	1002	EUC_2D	259045			23.340346	23.340346		23.340346	0.151
dact	dact_0	tsv	pr107	107	EUC_2D	44303			7.496106	7.496106		7.496106	0.016
dact	dact_0	tsv	pr124	124	EUC_2D	59030			17.392851	17.392851		17.392851	0.018
dact	dact_0	tsv	pr136	136	EUC_2D	96772			24.797462	24.797462		24.797462	0.02
dact	dact_0	tsv	pr144	144	EUC_2D	58537			5.321421	5.321421		5.321421	0.021
dact	dact_0	tsv	pr152	152	EUC_2D	73682			16.309275	16.309275		16.309275	0.022
dact	dact_0	tsv	pr226	226	EUC_2D	80369			17.048862	17.048862		17.048862	0.032
dact	dact_0	tsv	pr264	264	EUC_2D	49135			18.711713	18.711713		18.711713	0.038
dact	dact_0	tsv	pr299	299	EUC_2D	48191			21.794526	21.794526		21.794526	0.043
dact	dact_0	tsv	pr439	439	EUC_2D	107217			22.765979	22.765979		22.765979	0.063
dact	dact_0	tsv	pr76	76	EUC_2D	108159			41.885557	41.885557		41.885557	0.011
dact	dact_0	tsv	rat195	195	EUC_2D	2323			18.510547	18.510547		18.510547	0.028
dact	dact_0	tsv	rat575	575	EUC_2D	6773			24.228555	24.228555		24.228555	0.083
dact	dact_0	tsv	rat783	783	EUC_2D	8806			27.492619	27.492619		27.492619	0.116
dact	dact_0	tsv	rat99	99	EUC_2D	1211			28.654005	28.654005		28.654005	0.015
dact	dact_0	tsv	rd100	100	EUC_2D	7910			25.638432	25.638432		25.638432	0.015
dact	dact_0	tsv	rd400	400	EUC_2D	15281			25.48917	25.48917		25.48917	0.057
dact	dact_0	tsv	rl1304	1304	EUC_2D	252948			32.322454	32.322454		32.322454	0.201
dact	dact_0	tsv	rl1323	1323	EUC_2D	270199			22.910522	22.910522		22.910522	0.205
dact	dact_0	tsv	rl1889	1889	EUC_2D	316536			24.736523	24.736523		24.736523	0.306
dact	dact_0	tsv	st70	70	EUC_2D	675			18.666667	18.666667		18.666667	0.011
dact	dact_0	tsv	ts225	225	EUC_2D	126643			24.351129	24.351129		24.351129	0.032
dact	dact_0	tsv	tsp225	225	EUC_2D	3916			23.237998	23.237998		23.237998	0.032
dact	dact_0	tsv	u1060	1060	EUC_2D	224094			35.448071	35.448071		35.448071	0.16
dact	dact_0	tsv	u1432	1432	EUC_2D	152970			23.451657	23.451657		23.451657	0.225
dact	dact_0	tsv	u159	159	EUC_2D	42080			30.090304	30.090304		30.090304	0.023
dact	dact_0	tsv	u574	574	EUC_2D	36905			26.947568	26.947568		26.947568	0.083
dact	dact_0	tsv	u724	724	EUC_2D	41910			26.984013	26.984013		26.984013	0.107
dact	dact_0	tsv	vm1084	1084	EUC_2D	239297			23.386837	23.386837		23.386837	0.165
dact	dact_0	tsv	vm1748	1748	EUC_2D	336556			21.038104	21.038104		21.038104	0.284
elg	elg_greedt	eval_log	u159	159	EUC_2D	42080.0	43106.25	42536.8203	2.4388	1.0856	8	1.0856	9.841590163934425
elg	elg_greedt	eval_log	pcb442	442	EUC_2D	50778.0	54353.2266	53959.1758	7.0409	6.2649	8	6.2649	5.318
elg	elg_greedt	eval_log	berlin52	52	EUC_2D	7542.0	7567.3281	7544.3652	0.3358	0.0314	8	0.0314	0.676
elg	elg_greedt	eval_log	pr107	107	EUC_2D	44303.0	46005.3828	45126.2578	3.8426	1.8582	8	1.8582	1.397
elg	elg_greedt	eval_log	rat783	783	EUC_2D	8806.0	9737.6953	9674.5781	10.5802	9.8635	8	9.8635	15.447
elg	elg_greedt	eval_log	tsp225	225	EUC_2D	3916.0	4119.5073	4056.9177	5.1968	3.5985	8	3.5985	3.55
elg	elg_greedt	eval_log	pr1002	1002	EUC_2D	259045.0	287750.8125	286511.5312	11.0814	10.603	8	10.603	21.214
elg	elg_greedt	eval_log	pcb1173	1173	EUC_2D	56892.0	64576.293	64576.293	13.5068	13.5068	8	13.5068	41.747
elg	elg_greedt	eval_log	kroA100	100	EUC_2D	21282.0	21573.248	21385.6484	1.3685	0.487	8	0.487	2.447
elg	elg_greedt	eval_log	ts225	225	EUC_2D	126643.0	129099.1875	129099.1875	1.9395	1.9395	8	1.9395	5.305
elg	elg_greedt	eval_log	u574	574	EUC_2D	36905.0	40474.4609	40110.5312	9.672	8.6859	8	8.6859	11.493
elg	elg_greedt	eval_log	rl1889	1889	EUC_2D	316536.0	363747.625	362575.2188	14.9151	14.5447	8	14.5447	89.562
elg	elg_greedt	eval_log	eil51	51	EUC_2D	426.0	435.27	430.7464	2.1761	1.1142	8	1.1142	0.842
elg	elg_greedt	eval_log	ch130	130	EUC_2D	6110.0	6141.0781	6120.0088	0.5086	0.1638	8	0.1638	2.15
elg	elg_greedt	eval_log	d657	657	EUC_2D	48912.0	55329.0508	53931.9531	13.1196	10.2632	8	10.2632	13.34
elg	elg_greedt	eval_log	eil101	101	EUC_2D	629.0	645.8379	643.8397	2.6769	2.3593	8	2.3593	1.302
elg	elg_greedt	eval_log	lin318	318	EUC_2D	42029.0	44367.8008	43478.3203	5.5647	3.4484	8	3.4484	2.704
elg	elg_greedt	eval_log	rd400	400	EUC_2D	15281.0	16398.5059	16169.0918	7.313	5.8117	8	5.8117	3.672
elg	elg_greedt	eval_log	pr299	299	EUC_2D	48191.0	51508.1133	50099.7266	6.8833	3.9608	8	3.9608	4.491
elg	elg_greedt	eval_log	rat99	99	EUC_2D	1211.0	1272.2018	1249.6274	5.0538	3.1897	8	3.1897	1.428
elg	elg_greedt	eval_log	pr226	226	EUC_2D	80369.0	81314.5	81314.5	1.1764	1.1764	8	1.1764	3.348
elg	elg_greedt	eval_log	kroE100	100	EUC_2D	22068.0	22529.4219	22234.4492	2.0909	0.7543	8	0.7543	1.405
elg	elg_greedt	eval_log	kroB100	100	EUC_2D	22141.0	22468.1094	22256.0957	1.4774	0.5198	8	0.5198	1.848
elg	elg_greedt	eval_log	u1432	1432	EUC_2D	152970.0	167846.1562	166031.8438	9.7249	8.5388	8	8.5388	56.587
elg	elg_greedt	eval_log	d1291	1291	EUC_2D	50801.0	56833.2188	55451.2383	11.8742	9.1538	8	9.1538	27.34
elg	elg_greedt	eval_log	kroB150	150	EUC_2D	26130.0	26557.4355	26391.5039	1.6358	1.0008	8	1.0008	2.151
elg	elg_greedt	eval_log	pr439	439	EUC_2D	107217.0	114989.9531	113193.4766	7.2497	5.5742	8	5.5742	7.094
elg	elg_greedt	eval_log	pr124	124	EUC_2D	59030.0	59181.6484	59181.6484	0.2569	0.2569	8	0.2569	1.798
elg	elg_greedt	eval_log	kroA150	150	EUC_2D	26524.0	27075.5605	26781.4844	2.0795	0.9708	8	0.9708	2.19
elg	elg_greedt	eval_log	pr76	76	EUC_2D	108159.0	108872.4297	108444.0469	0.6596	0.2635	8	0.2635	1.11
elg	elg_greedt	eval_log	kroD100	100	EUC_2D	21294.0	21768.9023	21532.1641	2.2302	1.1185	8	1.1185	1.459
elg	elg_greedt	eval_log	vm1084	1084	EUC_2D	239297.0	276632.3438	268922.3125	15.6021	12.3801	8	12.3801	22.443
elg	elg_greedt	eval_log	vm1748	1748	EUC_2D	336556.0	396805.0625	386977.1875	17.9016	14.9815	8	14.9815	63.643
elg	elg_greedt	eval_log	u724	724	EUC_2D	41910.0	46105.1172	45915.0859	10.0098	9.5564	8	9.5564	12.89
elg	elg_greedt	eval_log	lin105	105	EUC_2D	14379.0	14756.9707	14463.0293	2.6286	0.5844	8	0.5844	1.481
elg	elg_greedt	eval_log	kroC100	100	EUC_2D	20749.0	21009.5645	20773.7539	1.2558	0.1193	8	0.1193	1.421
elg	elg_greedt	eval_log	eil76	76	EUC_2D	538.0	556.293	549.9037	3.4002	2.2126	8	2.2126	1.09
elg	elg_greedt	eval_log	d493	493	EUC_2D	35002.0	46142.8906	39782.3789	31.8293	13.6574	8	13.6574	3.326
elg	elg_greedt	eval_log	rd100	100	EUC_2D	7910.0	7951.6338	7919.6543	0.5263	0.1221	8	0.1221	0.384
elg	elg_greedt	eval_log	fl1577	1577	EUC_2D	22249.0	24177.9062	24177.9062	8.6696	8.6696	8	8.6696	42.277
elg	elg_greedt	eval_log	pr264	264	EUC_2D	49135.0	51918.3672	50800.125	5.6647	3.3889	8	3.3889	3.838
elg	elg_greedt	eval_log	rl1323	1323	EUC_2D	270199.0	302077.5	296206.3125	11.7982	9.6252	8	9.6252	24.814
elg	elg_greedt	eval_log	rat195	195	EUC_2D	2323.0	2470.8147	2424.0596	6.3631	4.3504	8	4.3504	0.545
elg	elg_greedt	eval_log	rl1304	1304	EUC_2D	252948.0	288007.9375	286153.3438	13.8605	13.1273	8	13.1273	18.029
elg	elg_greedt	eval_log	st70	70	EUC_2D	675.0	677.1096	677.1096	0.3125	0.3125	8	0.3125	0.191
elg	elg_greedt	eval_log	u1060	1060	EUC_2D	224094.0	252191.8438	248377.3594	12.5384	10.8362	8	10.8362	10.654
elg	elg_greedt	eval_log	pr136	136	EUC_2D	96772.0	99603.9688	97733.4062	2.9264	0.9935	8	0.9935	0.371
elg	elg_greedt	eval_log	nrw1379	1379	EUC_2D	56638.0	62684.0508	62037.4453	10.6749	9.5333	8	9.5333	20.89
elg	elg_greedt	eval_log	gil262	262	EUC_2D	2378.0	2435.2783	2435.2783	2.4087	2.4087	8	2.4087	0.764
elg	elg_greedt	eval_log	d198	198	EUC_2D	15780.0	18147.7832	17288.4727	15.005	9.5594	8	9.5594	0.552
elg	elg_greedt	eval_log	kroA200	200	EUC_2D	29368.0	29957.4297	29852.4277	2.007	1.6495	8	1.6495	0.559
elg	elg_greedt	eval_log	kroB200	200	EUC_2D	29437.0	29868.0508	29851.959	1.4643	1.4097	8	1.4097	0.559
elg	elg_greedt	eval_log	a280	280	EUC_2D	2579.0	2743.1216	2731.8042	6.3638	5.9249	8	5.9249	0.836
elg	elg_greedt	eval_log	pr144	144	EUC_2D	58537.0	59072.8867	58813.8555	0.9155	0.473	8	0.473	0.394
elg	elg_greedt	eval_log	fl417	417	EUC_2D	11861.0	12870.2881	12412.4473	8.5093	4.6492	8	4.6492	1.455
elg	elg_greedt	eval_log	rat575	575	EUC_2D	6773.0	7440.0918	7402.3486	9.8493	9.292	8	9.292	2.627
elg	elg_greedt	eval_log	ch150	150	EUC_2D	6528.0	6605.2832	6583.8257	1.1839	0.8552	8	0.8552	0.41
elg	elg_greedt	eval_log	pr152	152	EUC_2D	73682.0	74184.9844	73777.5547	0.6826	0.1297	8	0.1297	0.417
elg	elg_greedt	eval_log	p654	654	EUC_2D	34643.0	35988.418	35988.418	3.8837	3.8837	8	3.8837	3.419
elg	elg_greedt	eval_log	bier127	127	EUC_2D	118282.0	127380.2188	123302.9375	7.692	4.2449	8	4.2449	0.345
elg	elg_greedt	eval_log	fl1400	1400	EUC_2D	20127.0	22514.8125	22081.543	11.8637	9.711	8	9.711	22.204
icam	icam_greedy_aug8	eval_log	u159	159	EUC_2D	42080.0	42850.0312	42676.0195	1.8299	1.4164	8	1.4164	1.3444836065573769
icam	icam_greedy_aug8	eval_log	pcb442	442	EUC_2D	50778.0	52029.9609	51822.3789	2.4656	2.0568	8	2.0568	0.516
icam	icam_greedy_aug8	eval_log	berlin52	52	EUC_2D	7542.0	7549.2891	7544.6621	0.0966	0.0353	8	0.0353	0.067
icam	icam_greedy_aug8	eval_log	pr107	107	EUC_2D	44303.0	45203.582	44736.2891	2.0328	0.978	8	0.978	0.126
icam	icam_greedy_aug8	eval_log	rat783	783	EUC_2D	8806.0	9928.3691	9791.8262	12.7455	11.1949	8	11.1949	1.318
icam	icam_greedy_aug8	eval_log	tsp225	225	EUC_2D	3916.0	4167.3345	4077.5552	6.4181	4.1255	8	4.1255	0.252
icam	icam_greedy_aug8	eval_log	pr1002	1002	EUC_2D	259045.0	281749.8125	281240.5625	8.7648	8.5682	8	8.5682	2.247
icam	icam_greedy_aug8	eval_log	pcb1173	1173	EUC_2D	56892.0	64016.6367	64016.6367	12.5231	12.5231	8	12.5231	3.322
icam	icam_greedy_aug8	eval_log	kroA100	100	EUC_2D	21282.0	22324.7402	21521.3398	4.8996	1.1246	8	1.1246	0.117
icam	icam_greedy_aug8	eval_log	ts225	225	EUC_2D	126643.0	128745.3984	128745.3984	1.6601	1.6601	8	1.6601	0.25
icam	icam_greedy_aug8	eval_log	u574	574	EUC_2D	36905.0	40514.7656	40141.0312	9.7812	8.7685	8	8.7685	0.737
icam	icam_greedy_aug8	eval_log	rl1889	1889	EUC_2D	316536.0	358318.0625	350820.5625	13.1998	10.8312	8	10.8312	11.606
icam	icam_greedy_aug8	eval_log	eil51	51	EUC_2D	426.0	429.4841	429.4841	0.8179	0.8179	8	0.8179	0.065
icam	icam_greedy_aug8	eval_log	ch130	130	EUC_2D	6110.0	6156.6055	6139.5391	0.7628	0.4835	8	0.4835	0.148
icam	icam_greedy_aug8	eval_log	d657	657	EUC_2D	48912.0	55646.293	54484.3672	13.7682	11.3926	8	11.3926	0.939
icam	icam_greedy_aug8	eval_log	eil101	101	EUC_2D	629.0	647.4636	642.1535	2.9354	2.0912	8	2.0912	0.118
icam	icam_greedy_aug8	eval_log	lin318	318	EUC_2D	42029.0	43232.0273	42753.6172	2.8624	1.7241	8	1.7241	0.346
icam	icam_greedy_aug8	eval_log	rd400	400	EUC_2D	15281.0	15372.3252	15344.584	0.5976	0.4161	8	0.4161	0.433
icam	icam_greedy_aug8	eval_log	pr299	299	EUC_2D	48191.0	53186.0273	52360.7617	10.3651	8.6526	8	8.6526	0.327
icam	icam_greedy_aug8	eval_log	rat99	99	EUC_2D	1211.0	1344.7754	1268.3921	11.0467	4.7392	8	4.7392	0.115
icam	icam_greedy_aug8	eval_log	pr226	226	EUC_2D	80369.0	81293.7969	81293.7969	1.1507	1.1507	8	1.1507	0.25
icam	icam_greedy_aug8	eval_log	kroE100	100	EUC_2D	22068.0	22507.1504	22507.1504	1.99	1.99	8	1.99	0.118
icam	icam_greedy_aug8	eval_log	kroB100	100	EUC_2D	22141.0	23351.9453	22699.1953	5.4692	2.5211	8	2.5211	0.117
icam	icam_greedy_aug8	eval_log	u1432	1432	EUC_2D	152970.0	163592.2969	162004.375	6.944	5.906	8	5.906	5.31
icam	icam_greedy_aug8	eval_log	d1291	1291	EUC_2D	50801.0	55709.1719	55650.0938	9.6616	9.5453	8	9.5453	4.267
icam	icam_greedy_aug8	eval_log	kroB150	150	EUC_2D	26130.0	26759.3184	26598.7812	2.4084	1.794	8	1.794	0.171
icam	icam_greedy_aug8	eval_log	pr439	439	EUC_2D	107217.0	112447.625	112287.625	4.8785	4.7293	8	4.7293	0.491
icam	icam_greedy_aug8	eval_log	pr124	124	EUC_2D	59030.0	60173.2969	59937.1094	1.9368	1.5367	8	1.5367	0.144
icam	icam_greedy_aug8	eval_log	kroA150	150	EUC_2D	26524.0	27672.543	27417.9609	4.3302	3.3704	8	3.3704	0.17
icam	icam_greedy_aug8	eval_log	pr76	76	EUC_2D	108159.0	110881.9922	109991.8281	2.5176	1.6946	8	1.6946	0.092
icam	icam_greedy_aug8	eval_log	kroD100	100	EUC_2D	21294.0	21854.1191	21763.4688	2.6304	2.2047	8	2.2047	0.117
icam	icam_greedy_aug8	eval_log	vm1084	1084	EUC_2D	239297.0	272400.625	265610.4375	13.8337	10.9961	8	10.9961	2.694
icam	icam_greedy_aug8	eval_log	vm1748	1748	EUC_2D	336556.0	385967.0312	373019.5938	14.6814	10.8343	8	10.8343	9.061
icam	icam_greedy_aug8	eval_log	u724	724	EUC_2D	41910.0	46062.7305	45296.6367	9.9087	8.0807	8	8.0807	1.103
icam	icam_greedy_aug8	eval_log	lin105	105	EUC_2D	14379.0	15389.3115	14872.7539	7.0263	3.4339	8	3.4339	0.123
icam	icam_greedy_aug8	eval_log	kroC100	100	EUC_2D	20749.0	21270.9375	21045.3242	2.5155	1.4281	8	1.4281	0.117
icam	icam_greedy_aug8	eval_log	eil76	76	EUC_2D	538.0	546.5496	544.369	1.5891	1.1838	8	1.1838	0.091
icam	icam_greedy_aug8	eval_log	d493	493	EUC_2D	35002.0	41047.875	39908.1719	17.2729	14.0168	8	14.0168	0.572
icam	icam_greedy_aug8	eval_log	rd100	100	EUC_2D	7910.0	7914.6279	7910.3965	0.0585	0.005	8	0.005	0.117
icam	icam_greedy_aug8	eval_log	fl1577	1577	EUC_2D	22249.0	25039.0586	24903.0371	12.5402	11.9288	8	11.9288	7.02
icam	icam_greedy_aug8	eval_log	pr264	264	EUC_2D	49135.0	51182.8906	50253.4219	4.1679	2.2762	8	2.2762	0.291
icam	icam_greedy_aug8	eval_log	rl1323	1323	EUC_2D	270199.0	297899.9375	293774.0625	10.2521	8.7251	8	8.7251	4.53
icam	icam_greedy_aug8	eval_log	rat195	195	EUC_2D	2323.0	2562.0349	2482.8616	10.2899	6.8817	8	6.8817	0.219
icam	icam_greedy_aug8	eval_log	rl1304	1304	EUC_2D	252948.0	276332.1875	276332.1875	9.2447	9.2447	8	9.2447	4.191
icam	icam_greedy_aug8	eval_log	st70	70	EUC_2D	675.0	677.1114	677.1114	0.3128	0.3128	8	0.3128	0.084
icam	icam_greedy_aug8	eval_log	u1060	1060	EUC_2D	224094.0	255888.7812	255786.5938	14.1881	14.1425	8	14.1425	2.571
icam	icam_greedy_aug8	eval_log	pr136	136	EUC_2D	96772.0	97494.5859	97257.5781	0.7467	0.5018	8	0.5018	0.155
icam	icam_greedy_aug8	eval_log	nrw1379	1379	EUC_2D	56638.0	63304.8516	62322.7188	11.771	10.0369	8	10.0369	5.036
icam	icam_greedy_aug8	eval_log	gil262	262	EUC_2D	2378.0	2398.9341	2393.9058	0.8803	0.6689	8	0.6689	0.288
icam	icam_greedy_aug8	eval_log	d198	198	EUC_2D	15780.0	20728.5703	17539.8496	31.3598	11.1524	8	11.1524	0.222
icam	icam_greedy_aug8	eval_log	kroA200	200	EUC_2D	29368.0	30704.3535	30496.0332	4.5504	3.841	8	3.841	0.222
icam	icam_greedy_aug8	eval_log	kroB200	200	EUC_2D	29437.0	30899.7266	30406.6152	4.969	3.2939	8	3.2939	0.223
icam	icam_greedy_aug8	eval_log	a280	280	EUC_2D	2579.0	2702.0591	2702.0591	4.7716	4.7716	8	4.7716	0.306
icam	icam_greedy_aug8	eval_log	pr144	144	EUC_2D	58537.0	59585.4375	58911.7812	1.7911	0.6402	8	0.6402	0.163
icam	icam_greedy_aug8	eval_log	fl417	417	EUC_2D	11861.0	13176.4619	13176.4619	11.0906	11.0906	8	11.0906	0.46
icam	icam_greedy_aug8	eval_log	rat575	575	EUC_2D	6773.0	7601.5337	7534.981	12.2329	11.2503	8	11.2503	0.743
icam	icam_greedy_aug8	eval_log	ch150	150	EUC_2D	6528.0	6561.9175	6556.8838	0.5196	0.4425	8	0.4425	0.171
icam	icam_greedy_aug8	eval_log	pr152	152	EUC_2D	73682.0	76112.5156	75193.8594	3.2987	2.0519	8	2.0519	0.172
icam	icam_greedy_aug8	eval_log	p654	654	EUC_2D	34643.0	41625.6641	39145.4844	20.1561	12.9968	8	12.9968	0.934
icam	icam_greedy_aug8	eval_log	bier127	127	EUC_2D	118282.0	122615.8438	122615.8438	3.664	3.664	8	3.664	0.147
icam	icam_greedy_aug8	eval_log	fl1400	1400	EUC_2D	20127.0	23411.8828	22637.7266	16.3208	12.4744	8	12.4744	4.991
lehd	lehd_greedy_aug8	eval_log	u159	159	EUC_2D	42080.0	42083.0469	42083.0469	0.0072	0.0072	8	0.0072	24.72742
lehd	lehd_greedy_aug8	eval_log	pcb442	442	EUC_2D	50778.0	51097.7969	51097.7969	0.6298	0.6298	8	0.6298	2.178
lehd	lehd_greedy_aug8	eval_log	pcb3038	3038	EUC_2D	137694.0	153110.0469	153110.0469	11.1959	11.1959	8	11.1959	316.226
lehd	lehd_greedy_aug8	eval_log	berlin52	52	EUC_2D	7542.0	7544.3662	7544.3662	0.0314	0.0314	8	0.0314	1.382
lehd	lehd_greedy_aug8	eval_log	pr107	107	EUC_2D	44303.0	49539.5	49539.5	11.8197	11.8197	8	11.8197	2.58
lehd	lehd_greedy_aug8	eval_log	rat783	783	EUC_2D	8806.0	9176.4316	9176.4316	4.2066	4.2066	8	4.2066	28.21
lehd	lehd_greedy_aug8	eval_log	tsp225	225	EUC_2D	3916.0	3930.7632	3930.7632	0.377	0.377	8	0.377	6.308
lehd	lehd_greedy_aug8	eval_log	pr1002	1002	EUC_2D	259045.0	270270.2812	270270.2812	4.3333	4.3333	8	4.3333	23.906
lehd	lehd_greedy_aug8	eval_log	pcb1173	1173	EUC_2D	56892.0	59912.0156	59912.0156	5.3083	5.3083	8	5.3083	12.381
lehd	lehd_greedy_aug8	eval_log	kroA100	100	EUC_2D	21282.0	21307.4219	21307.4219	0.1195	0.1195	8	0.1195	0.417
lehd	lehd_greedy_aug8	eval_log	ts225	225	EUC_2D	126643.0	126926.7109	126926.7109	0.224	0.224	8	0.224	0.97
lehd	lehd_greedy_aug8	eval_log	u574	574	EUC_2D	36905.0	37636.3281	37636.3281	1.9817	1.9817	8	1.9817	3.1
lehd	lehd_greedy_aug8	eval_log	rl1889	1889	EUC_2D	316536.0	340216.5625	340216.5625	7.4812	7.4812	8	7.4812	41.15
lehd	lehd_greedy_aug8	eval_log	eil51	51	EUC_2D	426.0	429.4841	429.4841	0.8179	0.8179	8	0.8179	0.211
lehd	lehd_greedy_aug8	eval_log	ch130	130	EUC_2D	6110.0	6143.8252	6143.8252	0.5536	0.5536	8	0.5536	0.543
lehd	lehd_greedy_aug8	eval_log	d657	657	EUC_2D	48912.0	50898.9609	50898.9609	4.0623	4.0623	8	4.0623	3.845
lehd	lehd_greedy_aug8	eval_log	eil101	101	EUC_2D	629.0	642.0563	642.0563	2.0757	2.0757	8	2.0757	0.421
lehd	lehd_greedy_aug8	eval_log	lin318	318	EUC_2D	42029.0	42330.6211	42330.6211	0.7176	0.7176	8	0.7176	1.43
lehd	lehd_greedy_aug8	eval_log	rd400	400	EUC_2D	15281.0	15384.374	15384.374	0.6765	0.6765	8	0.6765	1.89
lehd	lehd_greedy_aug8	eval_log	pr299	299	EUC_2D	48191.0	48993.5625	48993.5625	1.6654	1.6654	8	1.6654	1.332
lehd	lehd_greedy_aug8	eval_log	fl3795	3795	EUC_2D	28772.0	32307.0371	32307.0371	12.2864	12.2864	8	12.2864	283.692
lehd	lehd_greedy_aug8	eval_log	rat99	99	EUC_2D	1211.0	1219.2438	1219.2438	0.6807	0.6807	8	0.6807	0.414
lehd	lehd_greedy_aug8	eval_log	pr226	226	EUC_2D	80369.0	80398.7031	80398.7031	0.037	0.037	8	0.037	0.976
lehd	lehd_greedy_aug8	eval_log	kroE100	100	EUC_2D	22068.0	22078.668	22078.668	0.0483	0.0483	8	0.0483	0.418
lehd	lehd_greedy_aug8	eval_log	kroB100	100	EUC_2D	22141.0	22139.0742	22139.0742	-0.0087	-0.0087	8	-0.0087	0.418
lehd	lehd_greedy_aug8	eval_log	u1432	1432	EUC_2D	152970.0	158551.9688	158551.9688	3.6491	3.6491	8	3.6491	19.827
lehd	lehd_greedy_aug8	eval_log	d1291	1291	EUC_2D	50801.0	54682.8125	54682.8125	7.6412	7.6412	8	7.6412	15.391
lehd	lehd_greedy_aug8	eval_log	d2103	2103	EUC_2D	80450.0	85503.6406	85503.6406	6.2817	6.2817	8	6.2817	54.369
lehd	lehd_greedy_aug8	eval_log	kroB150	150	EUC_2D	26130.0	26140.2969	26140.2969	0.0394	0.0394	8	0.0394	0.631
lehd	lehd_greedy_aug8	eval_log	pr439	439	EUC_2D	107217.0	109734.3984	109734.3984	2.3479	2.3479	8	2.3479	2.131
lehd	lehd_greedy_aug8	eval_log	pr124	124	EUC_2D	59030.0	59523.5938	59523.5938	0.8362	0.8362	8	0.8362	0.52
lehd	lehd_greedy_aug8	eval_log	u2319	2319	EUC_2D	234256.0	239879.7812	239879.7812	2.4007	2.4007	8	2.4007	70.938
lehd	lehd_greedy_aug8	eval_log	kroA150	150	EUC_2D	26524.0	26598.9551	26598.9551	0.2826	0.2826	8	0.2826	0.629
lehd	lehd_greedy_aug8	eval_log	u1817	1817	EUC_2D	57201.0	61822.25	61822.25	8.079	8.079	8	8.079	36.625
lehd	lehd_greedy_aug8	eval_log	pr76	76	EUC_2D	108159.0	108280.4531	108280.4531	0.1123	0.1123	8	0.1123	0.316
lehd	lehd_greedy_aug8	eval_log	kroD100	100	EUC_2D	21294.0	21294.291	21294.291	0.0014	0.0014	8	0.0014	0.417
lehd	lehd_greedy_aug8	eval_log	vm1084	1084	EUC_2D	239297.0	251408.2031	251408.2031	5.0612	5.0612	8	5.0612	10.296
lehd	lehd_greedy_aug8	eval_log	u2152	2152	EUC_2D	64253.0	70705.3125	70705.3125	10.042	10.042	8	10.042	57.801
lehd	lehd_greedy_aug8	eval_log	vm1748	1748	EUC_2D	336556.0	364772.7812	364772.7812	8.384	8.384	8	8.384	33.149
lehd	lehd_greedy_aug8	eval_log	u724	724	EUC_2D	41910.0	43061.9023	43061.9023	2.7485	2.7485	8	2.7485	4.55
lehd	lehd_greedy_aug8	eval_log	lin105	105	EUC_2D	14379.0	14382.9961	14382.9961	0.0278	0.0278	8	0.0278	0.438
lehd	lehd_greedy_aug8	eval_log	kroC100	100	EUC_2D	20749.0	20813.2695	20813.2695	0.3097	0.3097	8	0.3097	0.417
lehd	lehd_greedy_aug8	eval_log	eil76	76	EUC_2D	538.0	544.652	544.652	1.2364	1.2364	8	1.2364	0.315
lehd	lehd_greedy_aug8	eval_log	d493	493	EUC_2D	35002.0	36839.1367	36839.1367	5.2487	5.2487	8	5.2487	2.488
lehd	lehd_greedy_aug8	eval_log	rd100	100	EUC_2D	7910.0	7910.3965	7910.3965	0.005	0.005	8	0.005	0.417
lehd	lehd_greedy_aug8	eval_log	fl1577	1577	EUC_2D	22249.0	24794.5254	24794.5254	11.4411	11.4411	8	11.4411	25.298
lehd	lehd_greedy_aug8	eval_log	pr264	264	EUC_2D	49135.0	50832.9219	50832.9219	3.4556	3.4556	8	3.4556	1.159
lehd	lehd_greedy_aug8	eval_log	rl1323	1323	EUC_2D	270199.0	282412.25	282412.25	4.5201	4.5201	8	4.5201	16.334
lehd	lehd_greedy_aug8	eval_log	rat195	195	EUC_2D	2323.0	2355.9421	2355.9421	1.4181	1.4181	8	1.4181	0.83
lehd	lehd_greedy_aug8	eval_log	rl1304	1304	EUC_2D	252948.0	267610.9375	267610.9375	5.7968	5.7968	8	5.7968	15.769
lehd	lehd_greedy_aug8	eval_log	st70	70	EUC_2D	675.0	677.1096	677.1096	0.3125	0.3125	8	0.3125	0.29
lehd	lehd_greedy_aug8	eval_log	u1060	1060	EUC_2D	224094.0	242728.3125	242728.3125	8.3154	8.3154	8	8.3154	9.768
lehd	lehd_greedy_aug8	eval_log	pr136	136	EUC_2D	96772.0	96770.9219	96770.9219	-0.0011	-0.0011	8	-0.0011	0.569
lehd	lehd_greedy_aug8	eval_log	nrw1379	1379	EUC_2D	56638.0	59996.6602	59996.6602	5.93	5.93	8	5.93	18.065
lehd	lehd_greedy_aug8	eval_log	gil262	262	EUC_2D	2378.0	2402.1277	2402.1277	1.0146	1.0146	8	1.0146	1.148
lehd	lehd_greedy_aug8	eval_log	d198	198	EUC_2D	15780.0	16849.2109	16849.2109	6.7757	6.7757	8	6.7757	0.844
lehd	lehd_greedy_aug8	eval_log	fnl4461	4461	EUC_2D	182566.0	214134.0156	214134.0156	17.2913	17.2913	8	17.2913	454.552
lehd	lehd_greedy_aug8	eval_log	kroA200	200	EUC_2D	29368.0	29461.9863	29461.9863	0.32	0.32	8	0.32	0.848
lehd	lehd_greedy_aug8	eval_log	pr2392	2392	EUC_2D	378032.0	418787.5625	418787.5625	10.781	10.781	8	10.781	77.508
lehd	lehd_greedy_aug8	eval_log	kroB200	200	EUC_2D	29437.0	29482.8672	29482.8672	0.1558	0.1558	8	0.1558	0.846
lehd	lehd_greedy_aug8	eval_log	a280	280	EUC_2D	2579.0	2613.834	2613.834	1.3507	1.3507	8	1.3507	1.226
lehd	lehd_greedy_aug8	eval_log	pr144	144	EUC_2D	58537.0	58615.2617	58615.2617	0.1337	0.1337	8	0.1337	0.598
lehd	lehd_greedy_aug8	eval_log	fl417	417	EUC_2D	11861.0	12427.4922	12427.4922	4.7761	4.7761	8	4.7761	1.974
lehd	lehd_greedy_aug8	eval_log	rat575	575	EUC_2D	6773.0	6977.7021	6977.7021	3.0223	3.0223	8	3.0223	3.082
lehd	lehd_greedy_aug8	eval_log	ch150	150	EUC_2D	6528.0	6535.0078	6535.0078	0.1074	0.1074	8	0.1074	0.622
lehd	lehd_greedy_aug8	eval_log	pr152	152	EUC_2D	73682.0	77917.0312	77917.0312	5.7477	5.7477	8	5.7477	0.631
lehd	lehd_greedy_aug8	eval_log	p654	654	EUC_2D	34643.0	36508.2109	36508.2109	5.3841	5.3841	8	5.3841	3.789
lehd	lehd_greedy_aug8	eval_log	bier127	127	EUC_2D	118282.0	119331.8281	119331.8281	0.8876	0.8876	8	0.8876	0.525
lehd	lehd_greedy_aug8	eval_log	d1655	1655	EUC_2D	62128.0	70023.0078	70023.0078	12.7076	12.7076	8	12.7076	28.701
lehd	lehd_greedy_aug8	eval_log	fl1400	1400	EUC_2D	20127.0	21356.0254	21356.0254	6.1064	6.1064	8	6.1064	18.779
lehd	lehd_greedy_no_aug	eval_log	u159	159	EUC_2D	42080.0	42702.7852	42702.7852	1.48	1.48	1	1.48	5.0421314285714285
lehd	lehd_greedy_no_aug	eval_log	pcb442	442	EUC_2D	50778.0	52389.3242	52389.3242	3.1733	3.1733	1	3.1733	1.783
lehd	lehd_greedy_no_aug	eval_log	pcb3038	3038	EUC_2D	137694.0	154940.125	154940.125	12.525	12.525	1	12.525	26.823
lehd	lehd_greedy_no_aug	eval_log	berlin52	52	EUC_2D	7542.0	7544.3662	7544.3662	0.0314	0.0314	1	0.0314	0.188
lehd	lehd_greedy_no_aug	eval_log	pr107	107	EUC_2D	44303.0	49539.5	49539.5	11.8197	11.8197	1	11.8197	0.402
lehd	lehd_greedy_no_aug	eval_log	rat783	783	EUC_2D	8806.0	9182.2764	9182.2764	4.273	4.273	1	4.273	3.252
lehd	lehd_greedy_no_aug	eval_log	tsp225	225	EUC_2D	3916.0	3942.3286	3942.3286	0.6723	0.6723	1	0.6723	0.876
lehd	lehd_greedy_no_aug	eval_log	pr1002	1002	EUC_2D	259045.0	270578.625	270578.625	4.4524	4.4524	1	4.4524	4.36
lehd	lehd_greedy_no_aug	eval_log	pcb1173	1173	EUC_2D	56892.0	60501.625	60501.625	6.3447	6.3447	1	6.3447	5.323
lehd	lehd_greedy_no_aug	eval_log	kroA100	100	EUC_2D	21282.0	21307.4219	21307.4219	0.1195	0.1195	1	0.1195	0.374
lehd	lehd_greedy_no_aug	eval_log	ts225	225	EUC_2D	126643.0	126996.2812	126996.2812	0.279	0.279	1	0.279	0.876
lehd	lehd_greedy_no_aug	eval_log	u574	574	EUC_2D	36905.0	37924.5156	37924.5156	2.7625	2.7625	1	2.7625	2.31
lehd	lehd_greedy_no_aug	eval_log	rl1889	1889	EUC_2D	316536.0	351709.5938	351709.5938	11.112	11.112	1	11.112	10.731
lehd	lehd_greedy_no_aug	eval_log	eil51	51	EUC_2D	426.0	432.9852	432.9852	1.6397	1.6397	1	1.6397	0.184
lehd	lehd_greedy_no_aug	eval_log	ch130	130	EUC_2D	6110.0	6143.8252	6143.8252	0.5536	0.5536	1	0.5536	0.494
lehd	lehd_greedy_no_aug	eval_log	d657	657	EUC_2D	48912.0	52850.6719	52850.6719	8.0526	8.0526	1	8.0526	2.675
lehd	lehd_greedy_no_aug	eval_log	eil101	101	EUC_2D	629.0	643.5249	643.5249	2.3092	2.3092	1	2.3092	0.377
lehd	lehd_greedy_no_aug	eval_log	lin318	318	EUC_2D	42029.0	42619.6094	42619.6094	1.4052	1.4052	1	1.4052	1.248
lehd	lehd_greedy_no_aug	eval_log	rd400	400	EUC_2D	15281.0	15434.457	15434.457	1.0042	1.0042	1	1.0042	1.578
lehd	lehd_greedy_no_aug	eval_log	pr299	299	EUC_2D	48191.0	49480.1953	49480.1953	2.6752	2.6752	1	2.6752	1.174
lehd	lehd_greedy_no_aug	eval_log	fl3795	3795	EUC_2D	28772.0	34661.1172	34661.1172	20.4682	20.4682	1	20.4682	45.33
lehd	lehd_greedy_no_aug	eval_log	rat99	99	EUC_2D	1211.0	1224.3063	1224.3063	1.0988	1.0988	1	1.0988	0.371
lehd	lehd_greedy_no_aug	eval_log	pr226	226	EUC_2D	80369.0	81028.0	81028.0	0.82	0.82	1	0.82	0.88
lehd	lehd_greedy_no_aug	eval_log	kroE100	100	EUC_2D	22068.0	22161.9883	22161.9883	0.4259	0.4259	1	0.4259	0.375
lehd	lehd_greedy_no_aug	eval_log	kroB100	100	EUC_2D	22141.0	22197.6797	22197.6797	0.256	0.256	1	0.256	0.374
lehd	lehd_greedy_no_aug	eval_log	u1432	1432	EUC_2D	152970.0	159063.5	159063.5	3.9835	3.9835	1	3.9835	6.997
lehd	lehd_greedy_no_aug	eval_log	d1291	1291	EUC_2D	50801.0	57977.3789	57977.3789	14.1265	14.1265	1	14.1265	6.046
lehd	lehd_greedy_no_aug	eval_log	d2103	2103	EUC_2D	80450.0	89036.4766	89036.4766	10.6731	10.6731	1	10.6731	12.937
lehd	lehd_greedy_no_aug	eval_log	kroB150	150	EUC_2D	26130.0	26140.2969	26140.2969	0.0394	0.0394	1	0.0394	0.573
lehd	lehd_greedy_no_aug	eval_log	pr439	439	EUC_2D	107217.0	110831.8906	110831.8906	3.3716	3.3716	1	3.3716	1.743
lehd	lehd_greedy_no_aug	eval_log	pr124	124	EUC_2D	59030.0	59686.5234	59686.5234	1.1122	1.1122	1	1.1122	0.469
lehd	lehd_greedy_no_aug	eval_log	u2319	2319	EUC_2D	234256.0	239661.9531	239661.9531	2.3077	2.3077	1	2.3077	15.463
lehd	lehd_greedy_no_aug	eval_log	kroA150	150	EUC_2D	26524.0	26895.8984	26895.8984	1.4021	1.4021	1	1.4021	0.573
lehd	lehd_greedy_no_aug	eval_log	u1817	1817	EUC_2D	57201.0	62976.6289	62976.6289	10.0971	10.0971	1	10.0971	10.373
lehd	lehd_greedy_no_aug	eval_log	pr76	76	EUC_2D	108159.0	108396.1094	108396.1094	0.2192	0.2192	1	0.2192	0.292
lehd	lehd_greedy_no_aug	eval_log	kroD100	100	EUC_2D	21294.0	21375.4531	21375.4531	0.3825	0.3825	1	0.3825	0.379
lehd	lehd_greedy_no_aug	eval_log	vm1084	1084	EUC_2D	239297.0	252525.25	252525.25	5.528	5.528	1	5.528	4.81
lehd	lehd_greedy_no_aug	eval_log	u2152	2152	EUC_2D	64253.0	71740.9219	71740.9219	11.6538	11.6538	1	11.6538	13.815
lehd	lehd_greedy_no_aug	eval_log	vm1748	1748	EUC_2D	336556.0	386105.5	386105.5	14.7225	14.7225	1	14.7225	9.551
lehd	lehd_greedy_no_aug	eval_log	u724	724	EUC_2D	41910.0	43276.5312	43276.5312	3.2606	3.2606	1	3.2606	3.026
lehd	lehd_greedy_no_aug	eval_log	lin105	105	EUC_2D	14379.0	14428.2773	14428.2773	0.3427	0.3427	1	0.3427	0.4
lehd	lehd_greedy_no_aug	eval_log	kroC100	100	EUC_2D	20749.0	20816.375	20816.375	0.3247	0.3247	1	0.3247	0.38
lehd	lehd_greedy_no_aug	eval_log	eil76	76	EUC_2D	538.0	551.6865	551.6865	2.544	2.544	1	2.544	0.285
lehd	lehd_greedy_no_aug	eval_log	d493	493	EUC_2D	35002.0	38542.5234	38542.5234	10.1152	10.1152	1	10.1152	1.996
lehd	lehd_greedy_no_aug	eval_log	rd100	100	EUC_2D	7910.0	7910.3965	7910.3965	0.005	0.005	1	0.005	0.381
lehd	lehd_greedy_no_aug	eval_log	fl1577	1577	EUC_2D	22249.0	26135.5352	26135.5352	17.4684	17.4684	1	17.4684	8.16
lehd	lehd_greedy_no_aug	eval_log	pr264	264	EUC_2D	49135.0	51674.1875	51674.1875	5.1678	5.1678	1	5.1678	1.049
lehd	lehd_greedy_no_aug	eval_log	rl1323	1323	EUC_2D	270199.0	295225.9688	295225.9688	9.2624	9.2624	1	9.2624	6.337
lehd	lehd_greedy_no_aug	eval_log	rat195	195	EUC_2D	2323.0	2355.9421	2355.9421	1.4181	1.4181	1	1.4181	0.766
lehd	lehd_greedy_no_aug	eval_log	rl1304	1304	EUC_2D	252948.0	273008.5625	273008.5625	7.9307	7.9307	1	7.9307	6.204
lehd	lehd_greedy_no_aug	eval_log	st70	70	EUC_2D	675.0	677.1964	677.1964	0.3254	0.3254	1	0.3254	0.261
lehd	lehd_greedy_no_aug	eval_log	u1060	1060	EUC_2D	224094.0	243508.125	243508.125	8.6634	8.6634	1	8.6634	4.723
lehd	lehd_greedy_no_aug	eval_log	pr136	136	EUC_2D	96772.0	97206.7578	97206.7578	0.4493	0.4493	1	0.4493	0.524
lehd	lehd_greedy_no_aug	eval_log	nrw1379	1379	EUC_2D	56638.0	62268.0039	62268.0039	9.9403	9.9403	1	9.9403	6.706
lehd	lehd_greedy_no_aug	eval_log	gil262	262	EUC_2D	2378.0	2415.9885	2415.9885	1.5975	1.5975	1	1.5975	1.042
lehd	lehd_greedy_no_aug	eval_log	d198	198	EUC_2D	15780.0	17237.2656	17237.2656	9.2349	9.2349	1	9.2349	0.779
lehd	lehd_greedy_no_aug	eval_log	fnl4461	4461	EUC_2D	182566.0	215063.9219	215063.9219	17.8006	17.8006	1	17.8006	68.742
lehd	lehd_greedy_no_aug	eval_log	kroA200	200	EUC_2D	29368.0	29556.9961	29556.9961	0.6435	0.6435	1	0.6435	0.79
lehd	lehd_greedy_no_aug	eval_log	pr2392	2392	EUC_2D	378032.0	417956.7188	417956.7188	10.5612	10.5612	1	10.5612	16.525
lehd	lehd_greedy_no_aug	eval_log	kroB200	200	EUC_2D	29437.0	29482.8672	29482.8672	0.1558	0.1558	1	0.1558	0.785
lehd	lehd_greedy_no_aug	eval_log	a280	280	EUC_2D	2579.0	2657.189	2657.189	3.0318	3.0318	1	3.0318	1.116
lehd	lehd_greedy_no_aug	eval_log	pr144	144	EUC_2D	58537.0	60640.2031	60640.2031	3.5929	3.5929	1	3.5929	0.558
lehd	lehd_greedy_no_aug	eval_log	fl417	417	EUC_2D	11861.0	12445.8457	12445.8457	4.9308	4.9308	1	4.9308	1.675
lehd	lehd_greedy_no_aug	eval_log	rat575	575	EUC_2D	6773.0	6977.7021	6977.7021	3.0223	3.0223	1	3.0223	2.352
lehd	lehd_greedy_no_aug	eval_log	ch150	150	EUC_2D	6528.0	6566.0229	6566.0229	0.5825	0.5825	1	0.5825	0.583
lehd	lehd_greedy_no_aug	eval_log	pr152	152	EUC_2D	73682.0	82624.375	82624.375	12.1364	12.1364	1	12.1364	0.59
lehd	lehd_greedy_no_aug	eval_log	p654	654	EUC_2D	34643.0	38186.5898	38186.5898	10.2289	10.2289	1	10.2289	2.697
lehd	lehd_greedy_no_aug	eval_log	bier127	127	EUC_2D	118282.0	124946.3906	124946.3906	5.6343	5.6343	1	5.6343	0.487
lehd	lehd_greedy_no_aug	eval_log	d1655	1655	EUC_2D	62128.0	70767.7031	70767.7031	13.9063	13.9063	1	13.9063	8.764
lehd	lehd_greedy_no_aug	eval_log	fl1400	1400	EUC_2D	20127.0	23903.6738	23903.6738	18.7642	18.7642	1	18.7642	6.851
omni	omni_greedy	eval_log	u159	159	EUC_2D	42080.0	42510.1758	42453.6484	1.0223	0.8879	8	0.8879	8.301226229508197
omni	omni_greedy	eval_log	pcb442	442	EUC_2D	50778.0	54720.2539	54541.5547	7.7637	7.4118	8	7.4118	1.651
omni	omni_greedy	eval_log	berlin52	52	EUC_2D	7542.0	8018.1372	8005.5132	6.3131	6.1458	8	6.1458	0.184
omni	omni_greedy	eval_log	pr107	107	EUC_2D	44303.0	44787.8516	44631.0742	1.0944	0.7405	8	0.7405	0.346
omni	omni_greedy	eval_log	rat783	783	EUC_2D	8806.0	10417.9209	10324.9424	18.3048	17.2489	8	17.2489	5.565
omni	omni_greedy	eval_log	tsp225	225	EUC_2D	3916.0	4086.9355	4049.9824	4.3651	3.4214	8	3.4214	1.38
omni	omni_greedy	eval_log	pr1002	1002	EUC_2D	259045.0	306821.8125	306821.8125	18.4434	18.4434	8	18.4434	12.538
omni	omni_greedy	eval_log	pcb1173	1173	EUC_2D	56892.0	72029.9453	70972.5469	26.6082	24.7496	8	24.7496	18.163
omni	omni_greedy	eval_log	kroA100	100	EUC_2D	21282.0	21397.1758	21307.4219	0.5412	0.1195	8	0.1195	1.038
omni	omni_greedy	eval_log	ts225	225	EUC_2D	126643.0	129478.0469	129478.0469	2.2386	2.2386	8	2.2386	2.367
omni	omni_greedy	eval_log	u574	574	EUC_2D	36905.0	40999.6719	40691.2188	11.0952	10.2594	8	10.2594	6.866
omni	omni_greedy	eval_log	rl1889	1889	EUC_2D	316536.0	421087.75	421087.75	33.03	33.03	8	33.03	61.439
omni	omni_greedy	eval_log	eil51	51	EUC_2D	426.0	439.1128	430.7464	3.0781	1.1142	8	1.1142	0.356
omni	omni_greedy	eval_log	ch130	130	EUC_2D	6110.0	6304.2202	6249.459	3.1787	2.2825	8	2.2825	0.873
omni	omni_greedy	eval_log	d657	657	EUC_2D	48912.0	55019.0117	54349.9609	12.4857	11.1178	8	11.1178	10.973
omni	omni_greedy	eval_log	eil101	101	EUC_2D	629.0	658.9666	646.6511	4.7642	2.8062	8	2.8062	1.845
omni	omni_greedy	eval_log	lin318	318	EUC_2D	42029.0	44198.4531	43919.0234	5.1618	4.497	8	4.497	5.839
omni	omni_greedy	eval_log	rd400	400	EUC_2D	15281.0	16055.5107	15944.832	5.0685	4.3442	8	4.3442	7.452
omni	omni_greedy	eval_log	pr299	299	EUC_2D	48191.0	49606.6797	49606.6797	2.9376	2.9376	8	2.9376	5.51
omni	omni_greedy	eval_log	rat99	99	EUC_2D	1211.0	1247.3027	1240.0664	2.9977	2.4002	8	2.4002	1.817
omni	omni_greedy	eval_log	pr226	226	EUC_2D	80369.0	81843.8125	81843.8125	1.8351	1.8351	8	1.8351	4.14
omni	omni_greedy	eval_log	kroE100	100	EUC_2D	22068.0	22242.1836	22242.1836	0.7893	0.7893	8	0.7893	1.824
omni	omni_greedy	eval_log	kroB100	100	EUC_2D	22141.0	23084.625	22679.582	4.2619	2.4325	8	2.4325	1.835
omni	omni_greedy	eval_log	u1432	1432	EUC_2D	152970.0	186517.0938	183345.1875	21.9305	19.857	8	19.857	44.202
omni	omni_greedy	eval_log	d1291	1291	EUC_2D	50801.0	66552.7656	64552.918	31.0068	27.0702	8	27.0702	23.452
omni	omni_greedy	eval_log	kroB150	150	EUC_2D	26130.0	26504.3516	26445.4062	1.4327	1.2071	8	1.2071	0.717
omni	omni_greedy	eval_log	pr439	439	EUC_2D	107217.0	117725.9844	112644.5469	9.8016	5.0622	8	5.0622	2.66
omni	omni_greedy	eval_log	pr124	124	EUC_2D	59030.0	59785.6602	59245.6641	1.2801	0.3653	8	0.3653	0.681
omni	omni_greedy	eval_log	kroA150	150	EUC_2D	26524.0	26914.8164	26875.5586	1.4734	1.3254	8	1.3254	0.821
omni	omni_greedy	eval_log	pr76	76	EUC_2D	108159.0	109546.4375	109044.0625	1.2828	0.8183	8	0.8183	0.426
omni	omni_greedy	eval_log	kroD100	100	EUC_2D	21294.0	21830.5391	21830.5391	2.5197	2.5197	8	2.5197	0.552
omni	omni_greedy	eval_log	vm1084	1084	EUC_2D	239297.0	294578.4062	284622.9062	23.1016	18.9413	8	18.9413	12.011
omni	omni_greedy	eval_log	vm1748	1748	EUC_2D	336556.0	432218.0938	427330.5	28.4238	26.9716	8	26.9716	54.983
omni	omni_greedy	eval_log	u724	724	EUC_2D	41910.0	47908.3594	47908.3594	14.3125	14.3125	8	14.3125	8.663
omni	omni_greedy	eval_log	lin105	105	EUC_2D	14379.0	15163.6582	14823.6348	5.457	3.0923	8	3.0923	1.074
omni	omni_greedy	eval_log	kroC100	100	EUC_2D	20749.0	20901.8945	20901.8945	0.7369	0.7369	8	0.7369	1.024
omni	omni_greedy	eval_log	eil76	76	EUC_2D	538.0	567.0779	560.1667	5.4048	4.1202	8	4.1202	0.784
omni	omni_greedy	eval_log	d493	493	EUC_2D	35002.0	38165.5078	38165.5078	9.0381	9.0381	8	9.0381	5.266
omni	omni_greedy	eval_log	rd100	100	EUC_2D	7910.0	7959.0996	7959.0996	0.6207	0.6207	8	0.6207	0.998
omni	omni_greedy	eval_log	fl1577	1577	EUC_2D	22249.0	29440.7109	28698.9688	32.3237	28.9899	8	28.9899	29.49
omni	omni_greedy	eval_log	pr264	264	EUC_2D	49135.0	50894.9531	50583.7734	3.5819	2.9486	8	2.9486	2.282
omni	omni_greedy	eval_log	rl1323	1323	EUC_2D	270199.0	344214.1875	339761.5625	27.3928	25.7449	8	25.7449	24.953
omni	omni_greedy	eval_log	rat195	195	EUC_2D	2323.0	2471.6245	2434.5269	6.398	4.801	8	4.801	2.608
omni	omni_greedy	eval_log	rl1304	1304	EUC_2D	252948.0	324364.9375	320286.6875	28.2338	26.6216	8	26.6216	30.253
omni	omni_greedy	eval_log	st70	70	EUC_2D	675.0	694.8267	685.9351	2.9373	1.62	8	1.62	0.954
omni	omni_greedy	eval_log	u1060	1060	EUC_2D	224094.0	275588.0	273343.625	22.9788	21.9772	8	21.9772	20.552
omni	omni_greedy	eval_log	pr136	136	EUC_2D	96772.0	97231.7188	97231.7188	0.4751	0.4751	8	0.4751	1.852
omni	omni_greedy	eval_log	nrw1379	1379	EUC_2D	56638.0	69463.7734	68669.6953	22.6452	21.2432	8	21.2432	18.953
omni	omni_greedy	eval_log	gil262	262	EUC_2D	2378.0	2481.427	2453.3594	4.3493	3.169	8	3.169	1.053
omni	omni_greedy	eval_log	d198	198	EUC_2D	15780.0	16522.123	16347.5791	4.7029	3.5968	8	3.5968	0.773
omni	omni_greedy	eval_log	kroA200	200	EUC_2D	29368.0	29840.8418	29826.5195	1.6101	1.5613	8	1.5613	0.766
omni	omni_greedy	eval_log	kroB200	200	EUC_2D	29437.0	29857.5488	29857.5488	1.4286	1.4286	8	1.4286	0.862
omni	omni_greedy	eval_log	a280	280	EUC_2D	2579.0	2735.9714	2703.1025	6.0865	4.812	8	4.812	3.262
omni	omni_greedy	eval_log	pr144	144	EUC_2D	58537.0	60738.4922	59262.0781	3.7609	1.2387	8	1.2387	1.645
omni	omni_greedy	eval_log	fl417	417	EUC_2D	11861.0	13221.8809	12700.6777	11.4736	7.0793	8	7.0793	4.994
omni	omni_greedy	eval_log	rat575	575	EUC_2D	6773.0	7706.7056	7657.3403	13.7857	13.0568	8	13.0568	7.341
omni	omni_greedy	eval_log	ch150	150	EUC_2D	6528.0	6690.8691	6610.2437	2.4949	1.2599	8	1.2599	1.731
omni	omni_greedy	eval_log	pr152	152	EUC_2D	73682.0	75791.0078	74752.7969	2.8623	1.4533	8	1.4533	1.765
omni	omni_greedy	eval_log	p654	654	EUC_2D	34643.0	38995.1562	38125.4141	12.5629	10.0523	8	10.0523	8.668
omni	omni_greedy	eval_log	bier127	127	EUC_2D	118282.0	125497.7812	121275.3203	6.1005	2.5307	8	2.5307	1.485
omni	omni_greedy	eval_log	fl1400	1400	EUC_2D	20127.0	23400.1074	23400.1074	16.2623	16.2623	8	16.2623	26.773
