name	n	edge_weight_type	optimal	k	frag_len	max_new_nodes	max_improvement_step	val_m	seeds	no_aug_gap_best(%)	no_aug_gap_avg(%)	aug_gap_best(%)	aug_gap_avg(%)	time_sec_total
a280	280	EUC_2D	2579	40	200	190	0	1	0	7.522295	7.522295	7.522295	7.522295	1.612
berlin52	52	EUC_2D	7542	51	52	52	0	1	0	0.729250	0.729250	0.729250	0.729250	0.057
bier127	127	EUC_2D	118282	126	127	127	0	1	0	2.700326	2.700326	2.700326	2.700326	0.119
ch130	130	EUC_2D	6110	129	130	130	0	1	0	1.080196	1.080196	1.080196	1.080196	0.120
ch150	150	EUC_2D	6528	149	150	150	0	1	0	0.949755	0.949755	0.949755	0.949755	0.140
d1291	1291	EUC_2D	50801	40	200	190	0	1	0	17.629574	17.629574	17.629574	17.629574	1.480
d1655	1655	EUC_2D	62128	40	200	190	0	1	0	11.537471	11.537471	11.537471	11.537471	2.025
d198	198	EUC_2D	15780	197	198	190	0	1	0	4.220532	4.220532	4.220532	4.220532	0.186
d2103	2103	EUC_2D	80450	40	200	190	0	1	0	17.347421	17.347421	17.347421	17.347421	2.220
d493	493	EUC_2D	35002	40	200	190	0	1	0	4.476887	4.476887	4.476887	4.476887	0.554
d657	657	EUC_2D	48912	40	200	190	0	1	0	3.943817	3.943817	3.943817	3.943817	0.737
eil101	101	EUC_2D	629	100	101	101	0	1	0	1.112878	1.112878	1.112878	1.112878	0.097
eil51	51	EUC_2D	426	50	51	51	0	1	0	0.704225	0.704225	0.704225	0.704225	0.055
eil76	76	EUC_2D	538	75	76	76	0	1	0	1.858736	1.858736	1.858736	1.858736	0.076
fl1400	1400	EUC_2D	20127	40	200	190	0	1	0	19.640284	19.640284	19.640284	19.640284	2.725
